사고번호,사고일시,요일,시군구,사고내용,사망자수,중상자수,경상자수,부상신고자수,사고유형,법규위반,노면상태,기상상태,도로형태,가해운전자 차종,가해운전자 성별,가해운전자 연령,가해운전자 상해정도,피해운전자 차종,피해운전자 성별,피해운전자 연령,피해운전자 상해정도
2018041200100528,2018년 4월 12일 19시,목요일,대구광역시 동구 신암동,중상사고,0,1,0,0,차대사람 - 길가장자리구역통행중,안전운전불이행,포장 - 건조,맑음,단일로 - 기타,이륜,남,45세,상해없음,보행자,여,75세,중상
2018041200100529,2018년 4월 12일 19시,목요일,대구광역시 수성구 범어동,중상사고,0,1,0,0,차대사람 - 횡단중,보행자보호의무위반,포장 - 건조,맑음,단일로 - 기타,화물,남,61세,상해없음,보행자,남,60세,중상
2018041200100600,2018년 4월 12일 21시,목요일,대구광역시 남구 대명동,경상사고,0,0,1,0,차대사람 - 기타,안전운전불이행,포장 - 건조,맑음,단일로 - 기타,승합,남,55세,상해없음,보행자,남,39세,경상
2018041200100602,2018년 4월 12일 21시,목요일,대구광역시 달서구 죽전동,경상사고,0,0,1,0,차대사람 - 기타,안전운전불이행,포장 - 건조,맑음,단일로 - 기타,화물,남,50세,상해없음,보행자,남,29세,경상
2018041200100603,2018년 4월 12일 21시,목요일,대구광역시 달서구 감삼동,경상사고,0,0,1,0,차대사람 - 횡단중,보행자보호의무위반,포장 - 건조,맑음,교차로 - 교차로횡단보도내,승용,남,61세,상해없음,보행자,여,27세,경상
2018041300100009,2018년 4월 13일 00시,금요일,대구광역시 동구 불로동,중상사고,0,1,0,0,차대사람 - 횡단중,보행자보호의무위반,포장 - 건조,맑음,단일로 - 기타,승용,남,56세,상해없음,보행자,여,27세,중상
2018041300100137,2018년 4월 13일 08시,금요일,대구광역시 북구 노원동3가,경상사고,0,0,1,0,차대사람 - 보도통행중,기타,포장 - 건조,맑음,단일로 - 기타,기타불명,기타불명,미분류,기타불명,보행자,여,9세,경상
2018041300100184,2018년 4월 13일 09시,금요일,대구광역시 달성군 화원읍,경상사고,0,0,1,0,차대사람 - 보도통행중,안전운전불이행,포장 - 건조,맑음,단일로 - 기타,승용,여,54세,상해없음,보행자,여,40세,경상
2018041300100352,2018년 4월 13일 15시,금요일,대구광역시 동구 지묘동,사망사고,1,0,0,0,차대사람 - 횡단중,신호위반,포장 - 건조,맑음,단일로 - 기타,승용,남,69세,상해없음,보행자,여,17세,사망
2018041300100443,2018년 4월 13일 17시,금요일,대구광역시 달서구 감삼동,경상사고,0,0,1,0,차대사람 - 기타,안전운전불이행,포장 - 건조,맑음,기타 - 기타,승합,남,43세,상해없음,보행자,여,16세,경상
2018041300100510,2018년 4월 13일 19시,금요일,대구광역시 중구 덕산동,경상사고,0,0,1,0,차대사람 - 횡단중,보행자보호의무위반,포장 - 건조,맑음,단일로 - 기타,이륜,남,18세,상해없음,보행자,여,36세,경상
2018041400100049,2018년 4월 14일 02시,토요일,대구광역시 북구 태전동,중상사고,0,1,0,0,차대사람 - 횡단중,보행자보호의무위반,포장 - 건조,맑음,교차로 - 교차로횡단보도내,승용,남,28세,상해없음,보행자,남,50세,중상
2018041400100074,2018년 4월 14일 03시,토요일,대구광역시 남구 봉덕동,중상사고,0,1,0,0,차대사람 - 길가장자리구역통행중,안전운전불이행,포장 - 건조,맑음,기타 - 기타,승용,남,28세,상해없음,보행자,여,84세,중상
2018041400100122,2018년 4월 14일 06시,토요일,대구광역시 북구 침산동,경상사고,0,0,1,0,차대사람 - 횡단중,안전운전불이행,포장 - 젖음/습기,비,교차로 - 교차로안,화물,남,39세,상해없음,보행자,여,15세,경상
2018041400100552,2018년 4월 14일 22시,토요일,대구광역시 중구 삼덕동1가,경상사고,0,0,1,0,차대사람 - 기타,안전운전불이행,포장 - 건조,맑음,단일로 - 기타,승용,남,19세,상해없음,보행자,남,22세,경상
2018041500100055,2018년 4월 15일 04시,일요일,대구광역시 중구 서문로1가,경상사고,0,0,1,0,차대사람 - 기타,안전운전불이행,포장 - 건조,맑음,교차로 - 교차로부근,승용,남,43세,상해없음,보행자,남,39세,경상
2018041500100159,2018년 4월 15일 11시,일요일,대구광역시 서구 내당동,부상신고사고,0,0,0,1,차대사람 - 기타,안전운전불이행,포장 - 건조,맑음,단일로 - 기타,승용,남,68세,상해없음,보행자,남,6세,부상신고
2018041500100160,2018년 4월 15일 11시,일요일,대구광역시 서구 비산동,부상신고사고,0,0,0,1,차대사람 - 길가장자리구역통행중,안전운전불이행,포장 - 건조,맑음,단일로 - 기타,기타불명,기타불명,미분류,기타불명,보행자,남,65세,부상신고
2018041500100468,2018년 4월 15일 21시,일요일,대구광역시 서구 내당동,경상사고,0,0,1,0,차대사람 - 횡단중,안전운전불이행,포장 - 건조,맑음,단일로 - 기타,승용,남,57세,상해없음,보행자,여,8세,경상
2018041500100469,2018년 4월 15일 21시,일요일,대구광역시 중구 삼덕동1가,중상사고,0,1,0,0,차대사람 - 길가장자리구역통행중,신호위반,포장 - 건조,맑음,단일로 - 기타,승용,여,61세,상해없음,보행자,여,43세,중상
2018041600100017,2018년 4월 16일 01시,월요일,대구광역시 동구 신천동,중상사고,0,1,0,0,차대사람 - 횡단중,신호위반,포장 - 건조,맑음,교차로 - 교차로부근,승용,여,61세,상해없음,보행자,남,53세,중상
2018041600100097,2018년 4월 16일 07시,월요일,대구광역시 북구 관음동,경상사고,0,0,1,0,차대사람 - 횡단중,신호위반,포장 - 건조,맑음,교차로 - 교차로부근,승용,남,55세,상해없음,보행자,남,64세,경상
2018041600100142,2018년 4월 16일 08시,월요일,대구광역시 수성구 수성동4가,경상사고,0,0,1,0,차대사람 - 보도통행중,안전운전불이행,포장 - 건조,맑음,기타 - 기타,자전거,남,12세,상해없음,보행자,여,37세,경상
2018041600100205,2018년 4월 16일 10시,월요일,대구광역시 달성군 다사읍,중상사고,0,1,0,0,차대사람 - 횡단중,안전운전불이행,포장 - 건조,맑음,교차로 - 교차로부근,승용,남,24세,상해없음,보행자,여,68세,중상
2018041600100323,2018년 4월 16일 14시,월요일,대구광역시 달성군 현풍읍,중상사고,0,1,0,0,차대사람 - 기타,안전운전불이행,포장 - 건조,맑음,단일로 - 기타,승용,남,53세,상해없음,보행자,남,47세,중상
2018041600100512,2018년 4월 16일 19시,월요일,대구광역시 달서구 용산동,중상사고,0,1,0,0,차대사람 - 기타,안전운전불이행,포장 - 건조,맑음,교차로 - 교차로부근,승용,남,24세,상해없음,보행자,남,54세,중상
2018041600100538,2018년 4월 16일 20시,월요일,대구광역시 수성구 범물동,중상사고,0,1,0,0,차대사람 - 보도통행중,신호위반,포장 - 건조,맑음,교차로 - 교차로횡단보도내,승용,여,35세,상해없음,보행자,여,57세,중상
2018041700100031,2018년 4월 17일 02시,화요일,대구광역시 수성구 중동,경상사고,0,0,1,0,차대사람 - 길가장자리구역통행중,안전운전불이행,포장 - 건조,맑음,교차로 - 교차로부근,승용,남,44세,상해없음,보행자,남,67세,경상
2018041700100087,2018년 4월 17일 07시,화요일,대구광역시 수성구 범물동,중상사고,0,1,0,0,차대사람 - 횡단중,안전운전불이행,포장 - 건조,맑음,단일로 - 기타,이륜,남,64세,상해없음,보행자,여,63세,중상
2018041700100161,2018년 4월 17일 09시,화요일,대구광역시 북구 노원동1가,경상사고,0,0,1,0,차대사람 - 횡단중,안전운전불이행,포장 - 건조,맑음,단일로 - 기타,이륜,남,35세,상해없음,보행자,남,33세,경상
2018041700100186,2018년 4월 17일 10시,화요일,대구광역시 동구 방촌동,중상사고,0,1,0,0,차대사람 - 횡단중,안전운전불이행,포장 - 건조,맑음,교차로 - 교차로부근,승용,남,27세,상해없음,보행자,여,69세,중상
2018041700100318,2018년 4월 17일 14시,화요일,대구광역시 중구 대신동,경상사고,0,0,1,0,차대사람 - 차도통행중,안전운전불이행,포장 - 건조,맑음,단일로 - 기타,화물,남,70세,상해없음,보행자,남,69세,경상
2018041700100388,2018년 4월 17일 16시,화요일,대구광역시 달성군 논공읍,경상사고,0,0,1,0,차대사람 - 기타,기타,포장 - 건조,맑음,주차장 - 주차장,기타불명,기타불명,미분류,기타불명,보행자,여,12세,경상
2018041700100509,2018년 4월 17일 19시,화요일,대구광역시 북구 동천동,경상사고,0,0,1,0,차대사람 - 횡단중,안전운전불이행,포장 - 건조,맑음,단일로 - 기타,승용,여,33세,상해없음,보행자,남,9세,경상
2018041700100532,2018년 4월 17일 20시,화요일,대구광역시 동구 효목동,중상사고,0,1,0,0,차대사람 - 차도통행중,보행자보호의무위반,포장 - 건조,맑음,교차로 - 교차로부근,승용,남,58세,상해없음,보행자,남,43세,중상
2018041700100534,2018년 4월 17일 20시,화요일,대구광역시 달성군 화원읍,중상사고,0,1,0,0,차대사람 - 차도통행중,보행자보호의무위반,포장 - 건조,맑음,단일로 - 기타,승용,여,42세,상해없음,보행자,남,7세,중상
2018041700100535,2018년 4월 17일 20시,화요일,대구광역시 북구 사수동,부상신고사고,0,0,0,1,차대사람 - 기타,안전운전불이행,포장 - 건조,맑음,교차로 - 교차로부근,승용,남,39세,상해없음,보행자,여,36세,부상신고
2018041700100569,2018년 4월 17일 21시,화요일,대구광역시 동구 동호동,부상신고사고,0,0,0,1,차대사람 - 기타,안전운전불이행,포장 - 건조,맑음,단일로 - 기타,기타불명,기타불명,미분류,기타불명,보행자,남,40세,부상신고
2018041800100285,2018년 4월 18일 13시,수요일,대구광역시 달서구 본동,중상사고,0,1,0,0,차대사람 - 횡단중,안전운전불이행,포장 - 건조,맑음,단일로 - 기타,이륜,남,26세,상해없음,보행자,여,58세,중상
2018041800100483,2018년 4월 18일 18시,수요일,대구광역시 북구 구암동,경상사고,0,0,1,0,차대사람 - 기타,기타,포장 - 건조,맑음,단일로 - 기타,승합,남,57세,상해없음,보행자,여,49세,경상
2018041800100511,2018년 4월 18일 19시,수요일,대구광역시 달서구 감삼동,경상사고,0,0,1,0,차대사람 - 길가장자리구역통행중,안전운전불이행,포장 - 건조,맑음,단일로 - 기타,화물,남,58세,기타불명,보행자,여,42세,경상
2018041800100540,2018년 4월 18일 20시,수요일,대구광역시 남구 봉덕동,경상사고,0,0,1,0,차대사람 - 횡단중,안전운전불이행,포장 - 건조,맑음,교차로 - 교차로횡단보도내,승용,남,49세,상해없음,보행자,남,26세,경상
2018041800100541,2018년 4월 18일 20시,수요일,대구광역시 달서구 신당동,경상사고,0,0,1,0,차대사람 - 횡단중,신호위반,포장 - 건조,맑음,기타 - 기타,승용,남,38세,상해없음,보행자,남,36세,경상
2018041800100574,2018년 4월 18일 21시,수요일,대구광역시 동구 지저동,경상사고,0,0,1,0,차대사람 - 횡단중,안전운전불이행,포장 - 건조,맑음,단일로 - 기타,승용,남,30세,상해없음,보행자,남,47세,경상
2018041800100607,2018년 4월 18일 22시,수요일,대구광역시 달서구 신당동,중상사고,0,1,0,0,차대사람 - 기타,안전운전불이행,포장 - 건조,맑음,교차로 - 교차로횡단보도내,승용,남,30세,상해없음,보행자,여,27세,중상
2018041900100092,2018년 4월 19일 07시,목요일,대구광역시 수성구 두산동,중상사고,0,1,0,0,차대사람 - 길가장자리구역통행중,안전운전불이행,포장 - 건조,맑음,단일로 - 기타,승용,남,66세,상해없음,보행자,여,65세,중상
2018041900100138,2018년 4월 19일 08시,목요일,대구광역시 달서구 이곡동,경상사고,0,0,1,0,차대사람 - 기타,안전운전불이행,포장 - 건조,맑음,단일로 - 기타,승용,남,52세,상해없음,보행자,남,26세,경상
2018041900100160,2018년 4월 19일 09시,목요일,대구광역시 남구 이천동,경상사고,0,0,1,0,차대사람 - 길가장자리구역통행중,안전운전불이행,포장 - 건조,맑음,단일로 - 기타,승용,남,56세,상해없음,보행자,남,77세,경상
2018041900100190,2018년 4월 19일 10시,목요일,대구광역시 수성구 만촌동,경상사고,0,0,1,0,차대사람 - 차도통행중,안전운전불이행,포장 - 건조,맑음,단일로 - 기타,승용,여,44세,상해없음,보행자,남,22세,경상
2018041900100242,2018년 4월 19일 12시,목요일,대구광역시 남구 대명동,경상사고,0,0,1,0,차대사람 - 차도통행중,안전운전불이행,포장 - 건조,맑음,교차로 - 교차로부근,승용,여,55세,상해없음,보행자,여,54세,경상
2018041900100243,2018년 4월 19일 12시,목요일,대구광역시 동구 신암동,중상사고,0,1,0,0,차대사람 - 횡단중,보행자보호의무위반,포장 - 건조,맑음,교차로 - 교차로횡단보도내,승용,여,28세,상해없음,보행자,여,86세,중상
2018041900100515,2018년 4월 19일 19시,목요일,대구광역시 서구 내당동,중상사고,0,1,0,0,차대사람 - 기타,안전운전불이행,포장 - 건조,맑음,교차로 - 교차로안,승용,남,54세,상해없음,보행자,남,45세,중상
2018041900100543,2018년 4월 19일 20시,목요일,대구광역시 수성구 만촌동,경상사고,0,0,1,0,차대사람 - 횡단중,보행자보호의무위반,포장 - 건조,맑음,교차로 - 교차로횡단보도내,승용,남,21세,상해없음,보행자,여,49세,경상
2018041900100546,2018년 4월 19일 20시,목요일,대구광역시 달서구 두류동,중상사고,0,1,0,0,차대사람 - 횡단중,보행자보호의무위반,포장 - 건조,맑음,교차로 - 교차로횡단보도내,화물,남,58세,상해없음,보행자,여,83세,중상
2018041900100597,2018년 4월 19일 22시,목요일,대구광역시 달서구 호림동,중상사고,0,1,0,0,차대사람 - 횡단중,안전운전불이행,포장 - 건조,맑음,단일로 - 기타,승용,남,56세,상해없음,보행자,여,45세,중상
2018042000100012,2018년 4월 20일 00시,금요일,대구광역시 동구 불로동,경상사고,0,0,1,0,차대사람 - 횡단중,안전운전불이행,포장 - 건조,맑음,교차로 - 교차로횡단보도내,승용,여,46세,상해없음,보행자,여,56세,경상
2018042000100045,2018년 4월 20일 04시,금요일,대구광역시 남구 봉덕동,중상사고,0,1,0,0,차대사람 - 횡단중,안전운전불이행,포장 - 건조,맑음,교차로 - 교차로횡단보도내,승용,남,56세,상해없음,보행자,남,38세,중상
2018042000100092,2018년 4월 20일 07시,금요일,대구광역시 서구 평리동,경상사고,0,0,1,0,차대사람 - 길가장자리구역통행중,안전운전불이행,포장 - 건조,맑음,단일로 - 기타,승용,남,75세,상해없음,보행자,남,55세,경상
2018042000100222,2018년 4월 20일 11시,금요일,대구광역시 서구 내당동,중상사고,0,1,0,0,차대사람 - 횡단중,안전운전불이행,포장 - 건조,맑음,단일로 - 기타,화물,남,45세,상해없음,보행자,여,76세,중상
2018042000100283,2018년 4월 20일 13시,금요일,대구광역시 서구 비산동,중상사고,0,1,0,0,차대사람 - 횡단중,신호위반,포장 - 건조,맑음,단일로 - 기타,승용,남,61세,상해없음,보행자,여,53세,중상
2018042000100347,2018년 4월 20일 15시,금요일,대구광역시 수성구 수성동4가,중상사고,0,1,0,0,차대사람 - 횡단중,안전운전불이행,포장 - 건조,맑음,교차로 - 교차로부근,승합,남,55세,상해없음,보행자,남,75세,중상
2018042000100395,2018년 4월 20일 16시,금요일,대구광역시 달성군 현풍읍,중상사고,0,1,0,0,차대사람 - 기타,교차로운행방법위반,포장 - 건조,맑음,교차로 - 교차로안,승용,여,38세,상해없음,보행자,여,68세,중상
2018042000100453,2018년 4월 20일 17시,금요일,대구광역시 수성구 범어동,부상신고사고,0,0,0,1,차대사람 - 기타,안전운전불이행,포장 - 건조,맑음,단일로 - 기타,승용,여,65세,기타불명,보행자,남,40세,부상신고
2018042000100506,2018년 4월 20일 18시,금요일,대구광역시 달성군 화원읍,경상사고,0,0,1,0,차대사람 - 보도통행중,보행자보호의무위반,포장 - 건조,맑음,단일로 - 기타,승용,여,37세,상해없음,보행자,남,6세,경상
2018042000100545,2018년 4월 20일 19시,금요일,대구광역시 서구 원대동3가,경상사고,0,0,1,0,차대사람 - 보도통행중,기타,포장 - 건조,맑음,단일로 - 기타,자전거,남,68세,상해없음,보행자,여,52세,경상
2018042000100591,2018년 4월 20일 20시,금요일,대구광역시 동구 효목동,경상사고,0,0,1,0,차대사람 - 횡단중,안전운전불이행,포장 - 건조,맑음,단일로 - 기타,승용,여,55세,상해없음,보행자,남,42세,경상
2018042000100621,2018년 4월 20일 21시,금요일,대구광역시 수성구 중동,경상사고,0,0,1,0,차대사람 - 기타,안전운전불이행,포장 - 건조,맑음,단일로 - 기타,화물,남,60세,상해없음,보행자,남,61세,경상
2018042000100680,2018년 4월 20일 23시,금요일,대구광역시 달서구 성당동,경상사고,0,0,1,0,차대사람 - 횡단중,보행자보호의무위반,포장 - 건조,맑음,기타 - 기타,승용,남,55세,상해없음,보행자,남,39세,경상
2018042100100077,2018년 4월 21일 04시,토요일,대구광역시 북구 동천동,경상사고,0,0,1,0,차대사람 - 기타,안전운전불이행,포장 - 건조,맑음,단일로 - 기타,승용,여,33세,상해없음,보행자,남,30세,경상
2018042100100096,2018년 4월 21일 05시,토요일,대구광역시 수성구 범어동,사망사고,1,0,1,0,차대사람 - 기타,안전운전불이행,포장 - 건조,맑음,단일로 - 기타,승용,여,23세,경상,보행자,여,72세,사망
2018042100100145,2018년 4월 21일 08시,토요일,대구광역시 남구 대명동,경상사고,0,0,1,0,차대사람 - 길가장자리구역통행중,안전운전불이행,포장 - 건조,맑음,단일로 - 기타,승용,남,70세,상해없음,보행자,여,48세,경상
2018042100100235,2018년 4월 21일 11시,토요일,대구광역시 달서구 두류동,경상사고,0,0,1,0,차대사람 - 횡단중,신호위반,포장 - 건조,맑음,단일로 - 기타,승용,여,62세,상해없음,보행자,여,28세,경상
2018042100100237,2018년 4월 21일 11시,토요일,대구광역시 달서구 감삼동,경상사고,0,0,1,0,차대사람 - 기타,기타,포장 - 건조,맑음,단일로 - 기타,화물,남,67세,상해없음,보행자,여,57세,경상
2018042100100278,2018년 4월 21일 12시,토요일,대구광역시 서구 평리동,중상사고,0,1,0,0,차대사람 - 길가장자리구역통행중,안전운전불이행,포장 - 건조,맑음,교차로 - 교차로안,화물,남,45세,상해없음,보행자,여,60세,중상
2018042100100386,2018년 4월 21일 15시,토요일,대구광역시 서구 평리동,경상사고,0,0,1,0,차대사람 - 길가장자리구역통행중,안전운전불이행,포장 - 건조,맑음,단일로 - 기타,화물,남,50세,상해없음,보행자,여,23세,경상
2018042100100387,2018년 4월 21일 15시,토요일,대구광역시 중구 공평동,경상사고,0,0,1,0,차대사람 - 기타,안전운전불이행,포장 - 건조,맑음,단일로 - 기타,승용,남,23세,상해없음,보행자,여,24세,경상
2018042100100433,2018년 4월 21일 16시,토요일,대구광역시 동구 효목동,경상사고,0,0,1,0,차대사람 - 기타,안전운전불이행,포장 - 건조,맑음,단일로 - 기타,승용,여,62세,상해없음,보행자,여,77세,경상
2018042200100011,2018년 4월 22일 00시,일요일,대구광역시 북구 동천동,중상사고,0,1,0,0,차대사람 - 횡단중,안전운전불이행,포장 - 건조,맑음,교차로 - 교차로횡단보도내,승용,여,48세,상해없음,보행자,남,44세,중상
2018042200100056,2018년 4월 22일 04시,일요일,대구광역시 북구 칠성동1가,경상사고,0,0,1,0,차대사람 - 횡단중,안전운전불이행,포장 - 건조,맑음,교차로 - 교차로안,승용,남,22세,상해없음,보행자,남,31세,경상
2018042200100153,2018년 4월 22일 11시,일요일,대구광역시 달서구 감삼동,부상신고사고,0,0,0,1,차대사람 - 보도통행중,안전운전불이행,포장 - 젖음/습기,비,단일로 - 기타,이륜,남,17세,상해없음,보행자,남,43세,부상신고
2018042200100203,2018년 4월 22일 13시,일요일,대구광역시 남구 대명동,경상사고,0,0,1,0,차대사람 - 횡단중,보행자보호의무위반,포장 - 건조,맑음,교차로 - 교차로횡단보도내,기타불명,기타불명,미분류,기타불명,보행자,여,74세,경상
2018042200100204,2018년 4월 22일 13시,일요일,대구광역시 동구 신천동,경상사고,0,0,1,0,차대사람 - 보도통행중,안전운전불이행,포장 - 건조,맑음,단일로 - 기타,기타불명,기타불명,미분류,기타불명,보행자,여,26세,경상
2018042200100309,2018년 4월 22일 17시,일요일,대구광역시 북구 동천동,중상사고,0,1,1,0,차대사람 - 기타,안전운전불이행,포장 - 건조,맑음,단일로 - 기타,자전거,여,60세,경상,보행자,여,45세,중상
2018042200100407,2018년 4월 22일 20시,일요일,대구광역시 동구 검사동,경상사고,0,0,1,0,차대사람 - 횡단중,안전운전불이행,포장 - 건조,맑음,교차로 - 교차로안,승용,여,48세,상해없음,보행자,여,49세,경상
2018042200100410,2018년 4월 22일 20시,일요일,대구광역시 달서구 용산동,경상사고,0,0,2,0,차대사람 - 기타,기타,포장 - 건조,맑음,기타 - 기타,승용,남,63세,상해없음,보행자,여,26세,경상
2018042200100446,2018년 4월 22일 21시,일요일,대구광역시 북구 산격동,사망사고,1,0,0,0,차대사람 - 기타,안전운전불이행,포장 - 건조,맑음,단일로 - 기타,승용,여,73세,상해없음,보행자,남,76세,사망
2018042200100447,2018년 4월 22일 21시,일요일,대구광역시 서구 평리동,경상사고,0,0,1,0,차대사람 - 길가장자리구역통행중,안전운전불이행,포장 - 건조,맑음,단일로 - 기타,승용,남,68세,상해없음,보행자,여,53세,경상
2018042200100471,2018년 4월 22일 22시,일요일,대구광역시 수성구 만촌동,경상사고,0,0,1,0,차대사람 - 길가장자리구역통행중,안전운전불이행,포장 - 건조,흐림,단일로 - 기타,승용,남,43세,상해없음,보행자,남,46세,경상
2018042300100021,2018년 4월 23일 01시,월요일,대구광역시 달서구 장동,중상사고,0,1,0,0,차대사람 - 횡단중,과속,포장 - 건조,맑음,교차로 - 교차로횡단보도내,승용,남,63세,상해없음,보행자,남,28세,중상
2018042300100133,2018년 4월 23일 08시,월요일,대구광역시 남구 대명동,경상사고,0,0,1,0,차대사람 - 기타,안전운전불이행,포장 - 젖음/습기,비,단일로 - 기타,승용,남,44세,상해없음,보행자,여,17세,경상
2018042300100179,2018년 4월 23일 09시,월요일,대구광역시 북구 팔달동,경상사고,0,0,1,0,차대사람 - 기타,안전운전불이행,포장 - 건조,맑음,단일로 - 기타,승합,남,51세,상해없음,보행자,남,51세,경상
2018042300100365,2018년 4월 23일 16시,월요일,대구광역시 동구 효목동,중상사고,0,1,0,0,차대사람 - 기타,안전운전불이행,포장 - 젖음/습기,비,교차로 - 교차로안,승용,여,45세,상해없음,보행자,여,66세,중상
2018042300100435,2018년 4월 23일 18시,월요일,대구광역시 동구 신천동,중상사고,0,1,0,0,차대사람 - 횡단중,보행자보호의무위반,포장 - 젖음/습기,맑음,단일로 - 기타,승용,남,56세,상해없음,보행자,여,38세,중상
2018042300100437,2018년 4월 23일 18시,월요일,대구광역시 북구 태전동,경상사고,0,0,1,0,차대사람 - 횡단중,안전운전불이행,포장 - 젖음/습기,비,교차로 - 교차로안,승용,여,53세,상해없음,보행자,여,66세,경상
2018042300100564,2018년 4월 23일 21시,월요일,대구광역시 북구 고성동3가,경상사고,0,0,1,0,차대사람 - 기타,안전운전불이행,포장 - 건조,맑음,단일로 - 기타,승용,남,57세,상해없음,보행자,남,43세,경상
2018042300100598,2018년 4월 23일 22시,월요일,대구광역시 북구 산격동,부상신고사고,0,0,0,1,차대사람 - 기타,안전운전불이행,포장 - 젖음/습기,비,단일로 - 기타,승용,남,38세,상해없음,보행자,남,65세,부상신고
2018042400100132,2018년 4월 24일 08시,화요일,대구광역시 달성군 하빈면,중상사고,0,1,0,0,차대사람 - 기타,안전운전불이행,포장 - 건조,맑음,단일로 - 기타,승용,남,59세,상해없음,보행자,여,90세 이상,중상
2018042400100170,2018년 4월 24일 09시,화요일,대구광역시 서구 평리동,중상사고,0,1,0,0,차대사람 - 횡단중,안전운전불이행,포장 - 젖음/습기,비,단일로 - 기타,승용,여,34세,상해없음,보행자,남,85세,중상
2018042400100260,2018년 4월 24일 12시,화요일,대구광역시 달서구 진천동,중상사고,0,1,0,0,차대사람 - 기타,안전운전불이행,포장 - 건조,맑음,단일로 - 기타,승합,남,44세,상해없음,보행자,여,77세,중상
2018042400100581,2018년 4월 24일 21시,화요일,대구광역시 서구 중리동,경상사고,0,0,1,0,차대사람 - 기타,안전운전불이행,포장 - 건조,맑음,교차로 - 교차로안,승용,여,45세,상해없음,보행자,남,60세,경상
2018042400100582,2018년 4월 24일 21시,화요일,대구광역시 북구 태전동,경상사고,0,0,1,0,차대사람 - 기타,안전운전불이행,포장 - 건조,맑음,단일로 - 기타,이륜,남,35세,상해없음,보행자,남,19세,경상
2018042500100116,2018년 4월 25일 08시,수요일,대구광역시 북구 칠성동2가,경상사고,0,0,1,0,차대사람 - 기타,안전운전불이행,포장 - 건조,맑음,단일로 - 기타,승용,여,64세,상해없음,보행자,남,63세,경상
2018042500100117,2018년 4월 25일 08시,수요일,대구광역시 서구 내당동,중상사고,0,1,0,0,차대사람 - 횡단중,중앙선침범,포장 - 건조,맑음,교차로 - 교차로부근,승용,여,48세,상해없음,보행자,여,55세,중상
2018042500100186,2018년 4월 25일 10시,수요일,대구광역시 달서구 상인동,중상사고,0,1,0,0,차대사람 - 기타,안전운전불이행,포장 - 건조,맑음,교차로 - 교차로안,승용,여,54세,상해없음,보행자,남,85세,중상
2018042500100282,2018년 4월 25일 13시,수요일,대구광역시 중구 남산동,중상사고,0,1,0,0,차대사람 - 횡단중,보행자보호의무위반,포장 - 건조,맑음,단일로 - 기타,승용,남,47세,상해없음,보행자,여,76세,중상
2018042500100317,2018년 4월 25일 14시,수요일,대구광역시 수성구 범물동,중상사고,0,1,0,0,차대사람 - 횡단중,보행자보호의무위반,포장 - 건조,맑음,단일로 - 기타,승용,여,48세,상해없음,보행자,남,29세,중상
2018042500100395,2018년 4월 25일 16시,수요일,대구광역시 북구 고성동3가,경상사고,0,0,1,0,차대사람 - 횡단중,안전운전불이행,포장 - 건조,맑음,단일로 - 기타,승용,남,47세,상해없음,보행자,여,22세,경상
2018042500100478,2018년 4월 25일 18시,수요일,대구광역시 북구 도남동,중상사고,0,1,0,0,차대사람 - 기타,불법유턴,포장 - 건조,맑음,단일로 - 기타,화물,남,50세,상해없음,보행자,남,60세,중상
2018042500100513,2018년 4월 25일 19시,수요일,대구광역시 중구 남성로,경상사고,0,0,1,0,차대사람 - 차도통행중,안전운전불이행,포장 - 건조,맑음,교차로 - 교차로안,승용,여,59세,상해없음,보행자,여,25세,경상
2018042600100271,2018년 4월 26일 13시,목요일,대구광역시 남구 대명동,경상사고,0,0,1,0,차대사람 - 길가장자리구역통행중,안전운전불이행,포장 - 건조,맑음,단일로 - 기타,화물,남,49세,기타불명,보행자,남,55세,경상
2018042600100345,2018년 4월 26일 15시,목요일,대구광역시 남구 대명동,경상사고,0,0,1,0,차대사람 - 기타,기타,포장 - 건조,맑음,단일로 - 기타,승용,여,56세,상해없음,보행자,여,46세,경상
2018042600100348,2018년 4월 26일 15시,목요일,대구광역시 달서구 상인동,경상사고,0,0,1,0,차대사람 - 횡단중,보행자보호의무위반,포장 - 건조,맑음,교차로 - 교차로횡단보도내,승용,여,40세,상해없음,보행자,여,71세,경상
2018042600100376,2018년 4월 26일 16시,목요일,대구광역시 달서구 성당동,중상사고,0,1,0,0,차대사람 - 기타,안전운전불이행,포장 - 건조,맑음,단일로 - 기타,화물,남,47세,상해없음,보행자,여,75세,중상
2018042600100585,2018년 4월 26일 23시,목요일,대구광역시 북구 태전동,경상사고,0,0,1,0,차대사람 - 기타,안전운전불이행,포장 - 건조,맑음,단일로 - 기타,기타불명,기타불명,미분류,기타불명,보행자,여,18세,경상
2018042700100127,2018년 4월 27일 08시,금요일,대구광역시 동구 효목동,경상사고,0,0,1,0,차대사람 - 보도통행중,중앙선침범,포장 - 건조,맑음,단일로 - 기타,승용,남,67세,상해없음,보행자,여,88세,경상