사고번호,사고일시,요일,시군구,사고내용,사망자수,중상자수,경상자수,부상신고자수,사고유형,법규위반,노면상태,기상상태,도로형태,가해운전자 차종,가해운전자 성별,가해운전자 연령,가해운전자 상해정도,피해운전자 차종,피해운전자 성별,피해운전자 연령,피해운전자 상해정도
2018061400100532,2018년 6월 14일 19시,목요일,대구광역시 북구 사수동,부상신고사고,0,0,0,1,차대사람 - 기타,안전운전불이행,포장 - 건조,맑음,단일로 - 기타,이륜,남,33세,상해없음,보행자,여,62세,부상신고
2018061400100567,2018년 6월 14일 20시,목요일,대구광역시 동구 신천동,중상사고,0,1,0,0,차대사람 - 기타,안전운전불이행,포장 - 건조,맑음,단일로 - 기타,승용,남,29세,상해없음,보행자,남,57세,중상
2018061400100568,2018년 6월 14일 20시,목요일,대구광역시 북구 팔달동,중상사고,0,1,0,0,차대사람 - 기타,안전운전불이행,포장 - 건조,맑음,단일로 - 기타,화물,남,65세,상해없음,보행자,남,52세,중상
2018061400100594,2018년 6월 14일 21시,목요일,대구광역시 달서구 본리동,경상사고,0,0,1,0,차대사람 - 기타,안전운전불이행,포장 - 건조,맑음,교차로 - 교차로부근,승용,남,71세,상해없음,보행자,여,56세,경상
2018061500100120,2018년 6월 15일 08시,금요일,대구광역시 동구 효목동,부상신고사고,0,0,0,1,차대사람 - 기타,안전운전불이행,포장 - 건조,맑음,기타 - 기타,기타불명,기타불명,미분류,기타불명,보행자,여,71세,부상신고
2018061500100302,2018년 6월 15일 14시,금요일,대구광역시 동구 신서동,경상사고,0,0,2,0,차대사람 - 기타,안전운전불이행,포장 - 건조,맑음,단일로 - 기타,자전거,남,19세,상해없음,보행자,여,28세,경상
2018061500100303,2018년 6월 15일 14시,금요일,대구광역시 수성구 중동,중상사고,0,1,0,0,차대사람 - 기타,안전운전불이행,포장 - 건조,맑음,기타 - 기타,승용,남,62세,상해없음,보행자,여,79세,중상
2018061500100346,2018년 6월 15일 15시,금요일,대구광역시 북구 대현동,경상사고,0,0,1,0,차대사람 - 보도통행중,기타,포장 - 건조,맑음,단일로 - 기타,자전거,남,79세,상해없음,보행자,여,62세,경상
2018061500100509,2018년 6월 15일 18시,금요일,대구광역시 달서구 용산동,중상사고,0,1,0,0,차대사람 - 횡단중,안전운전불이행,포장 - 건조,맑음,교차로 - 교차로횡단보도내,승용,남,24세,상해없음,보행자,남,55세,중상
2018061500100543,2018년 6월 15일 19시,금요일,대구광역시 중구 공평동,부상신고사고,0,0,0,1,차대사람 - 길가장자리구역통행중,안전운전불이행,포장 - 건조,맑음,단일로 - 기타,승용,여,18세,상해없음,보행자,남,50세,부상신고
2018061500100580,2018년 6월 15일 20시,금요일,대구광역시 수성구 황금동,경상사고,0,0,1,0,차대사람 - 기타,안전운전불이행,포장 - 건조,맑음,단일로 - 기타,승용,남,24세,상해없음,보행자,남,42세,경상
2018061500100613,2018년 6월 15일 21시,금요일,대구광역시 달서구 대곡동,중상사고,0,1,0,0,차대사람 - 차도통행중,안전운전불이행,포장 - 건조,맑음,교차로 - 교차로부근,승용,남,38세,상해없음,보행자,여,14세,중상
2018061500100614,2018년 6월 15일 21시,금요일,대구광역시 북구 산격동,중상사고,0,1,0,0,차대사람 - 횡단중,기타,포장 - 건조,맑음,단일로 - 기타,승용,남,32세,상해없음,보행자,남,78세,중상
2018061600100012,2018년 6월 16일 00시,토요일,대구광역시 중구 남일동,경상사고,0,0,1,0,차대사람 - 횡단중,안전운전불이행,포장 - 건조,맑음,단일로 - 기타,승용,여,54세,상해없음,보행자,여,21세,경상
2018061600100063,2018년 6월 16일 04시,토요일,대구광역시 중구 삼덕동1가,경상사고,0,0,1,0,차대사람 - 차도통행중,안전운전불이행,포장 - 건조,맑음,교차로 - 교차로안,승용,남,22세,상해없음,보행자,남,21세,경상
2018061600100103,2018년 6월 16일 07시,토요일,대구광역시 북구 침산동,중상사고,0,1,0,0,차대사람 - 횡단중,중앙선침범,포장 - 건조,맑음,교차로 - 교차로횡단보도내,화물,남,35세,상해없음,보행자,남,66세,중상
2018061600100303,2018년 6월 16일 14시,토요일,대구광역시 달성군 화원읍,부상신고사고,0,0,0,1,차대사람 - 기타,안전운전불이행,포장 - 건조,맑음,기타 - 기타,기타불명,기타불명,미분류,기타불명,보행자,여,52세,부상신고
2018061600100305,2018년 6월 16일 14시,토요일,대구광역시 중구 동성로2가,경상사고,0,0,1,0,차대사람 - 기타,안전운전불이행,포장 - 건조,맑음,교차로 - 교차로부근,승용,여,60세,상해없음,보행자,여,26세,경상
2018061600100472,2018년 6월 16일 18시,토요일,대구광역시 중구 동성로3가,중상사고,0,1,0,0,차대사람 - 횡단중,보행자보호의무위반,포장 - 건조,맑음,단일로 - 기타,승합,남,55세,상해없음,보행자,남,26세,중상
2018061600100572,2018년 6월 16일 21시,토요일,대구광역시 달서구 도원동,경상사고,0,0,1,0,차대사람 - 기타,안전운전불이행,포장 - 건조,맑음,주차장 - 주차장,승용,남,45세,상해없음,보행자,남,23세,경상
2018061600100598,2018년 6월 16일 22시,토요일,대구광역시 동구 효목동,중상사고,0,1,0,0,차대사람 - 횡단중,보행자보호의무위반,포장 - 건조,맑음,교차로 - 교차로횡단보도내,승용,여,59세,상해없음,보행자,여,57세,중상
2018061600100624,2018년 6월 16일 23시,토요일,대구광역시 수성구 파동,경상사고,0,0,1,0,차대사람 - 기타,안전운전불이행,포장 - 건조,맑음,단일로 - 기타,승용,남,62세,상해없음,보행자,여,34세,경상
2018061700100068,2018년 6월 17일 04시,일요일,대구광역시 달서구 감삼동,경상사고,0,0,1,0,차대사람 - 기타,안전운전불이행,포장 - 건조,기타,기타 - 기타,승용,남,31세,상해없음,보행자,남,41세,경상
2018061700100215,2018년 6월 17일 13시,일요일,대구광역시 북구 태전동,중상사고,0,1,0,0,차대사람 - 횡단중,신호위반,포장 - 건조,맑음,단일로 - 기타,승용,남,58세,상해없음,보행자,남,58세,중상
2018061700100246,2018년 6월 17일 14시,일요일,대구광역시 서구 비산동,중상사고,0,1,0,0,차대사람 - 횡단중,보행자보호의무위반,포장 - 건조,맑음,교차로 - 교차로부근,승용,여,54세,상해없음,보행자,여,22세,중상
2018061800100132,2018년 6월 18일 08시,월요일,대구광역시 달서구 본동,중상사고,0,1,0,0,차대사람 - 보도통행중,기타,포장 - 건조,맑음,단일로 - 기타,승용,남,45세,상해없음,보행자,여,20세,중상
2018061800100335,2018년 6월 18일 14시,월요일,대구광역시 동구 신암동,경상사고,0,0,1,0,차대사람 - 횡단중,안전운전불이행,포장 - 건조,맑음,단일로 - 기타,기타불명,기타불명,미분류,기타불명,보행자,여,61세,경상
2018061800100336,2018년 6월 18일 14시,월요일,대구광역시 수성구 만촌동,경상사고,0,0,1,0,차대사람 - 차도통행중,안전운전불이행,포장 - 건조,맑음,단일로 - 기타,승용,여,53세,상해없음,보행자,여,43세,경상
2018061800100339,2018년 6월 18일 14시,월요일,대구광역시 중구 동성로3가,경상사고,0,0,1,0,차대사람 - 차도통행중,안전운전불이행,포장 - 건조,맑음,교차로 - 교차로횡단보도내,승용,여,38세,상해없음,보행자,남,24세,경상
2018061800100417,2018년 6월 18일 16시,월요일,대구광역시 달성군 다사읍,중상사고,0,1,0,0,차대사람 - 기타,기타,포장 - 건조,맑음,단일로 - 기타,기타불명,기타불명,미분류,기타불명,보행자,여,63세,중상
2018061800100565,2018년 6월 18일 19시,월요일,대구광역시 달서구 용산동,경상사고,0,0,1,0,차대사람 - 기타,안전운전불이행,포장 - 건조,맑음,단일로 - 기타,승용,남,58세,상해없음,보행자,남,5세,경상
2018061900100034,2018년 6월 19일 04시,화요일,대구광역시 북구 동변동,중상사고,0,1,0,0,차대사람 - 차도통행중,안전운전불이행,포장 - 건조,맑음,교차로 - 교차로안,승용,남,65세,상해없음,보행자,여,46세,중상
2018061900100190,2018년 6월 19일 10시,화요일,대구광역시 수성구 범어동,중상사고,0,1,0,0,차대사람 - 횡단중,신호위반,포장 - 건조,맑음,단일로 - 기타,승용,여,55세,상해없음,보행자,여,62세,중상
2018061900100382,2018년 6월 19일 16시,화요일,대구광역시 북구 검단동,중상사고,0,1,0,0,차대사람 - 기타,안전운전불이행,포장 - 건조,맑음,단일로 - 기타,화물,남,49세,상해없음,보행자,남,62세,중상
2018061900100527,2018년 6월 19일 20시,화요일,대구광역시 수성구 노변동,중상사고,0,1,0,0,차대사람 - 길가장자리구역통행중,보행자보호의무위반,포장 - 젖음/습기,비,교차로 - 교차로횡단보도내,기타불명,기타불명,미분류,기타불명,보행자,여,51세,중상
2018061900100529,2018년 6월 19일 20시,화요일,대구광역시 북구 산격동,중상사고,0,1,0,0,차대사람 - 횡단중,교차로운행방법위반,포장 - 젖음/습기,비,교차로 - 교차로안,승용,남,34세,상해없음,보행자,여,42세,중상
2018062000100166,2018년 6월 20일 10시,수요일,대구광역시 남구 봉덕동,경상사고,0,0,1,0,차대사람 - 기타,안전운전불이행,포장 - 건조,맑음,단일로 - 터널,승용,남,56세,상해없음,보행자,남,45세,경상
2018062000100196,2018년 6월 20일 11시,수요일,대구광역시 북구 칠성동1가,경상사고,0,0,1,0,차대사람 - 기타,안전운전불이행,포장 - 건조,맑음,단일로 - 기타,이륜,남,55세,상해없음,보행자,여,35세,경상
2018062000100253,2018년 6월 20일 13시,수요일,대구광역시 수성구 수성동4가,중상사고,0,1,0,0,차대사람 - 횡단중,신호위반,포장 - 건조,맑음,교차로 - 교차로안,승용,여,77세,상해없음,보행자,여,27세,중상
2018062000100284,2018년 6월 20일 14시,수요일,대구광역시 동구 신천동,경상사고,0,0,1,0,차대사람 - 횡단중,신호위반,포장 - 건조,맑음,단일로 - 기타,승용,여,54세,상해없음,보행자,남,11세,경상
2018062000100366,2018년 6월 20일 16시,수요일,대구광역시 달서구 장기동,경상사고,0,0,2,0,차대사람 - 기타,안전운전불이행,포장 - 건조,맑음,주차장 - 주차장,자전거,남,14세,상해없음,보행자,여,35세,경상
2018062000100454,2018년 6월 20일 18시,수요일,대구광역시 서구 비산동,경상사고,0,0,1,0,차대사람 - 길가장자리구역통행중,교차로운행방법위반,포장 - 건조,맑음,교차로 - 교차로부근,승용,남,75세,상해없음,보행자,여,39세,경상
2018062000100516,2018년 6월 20일 20시,수요일,대구광역시 남구 대명동,중상사고,0,1,0,0,차대사람 - 기타,안전운전불이행,포장 - 건조,맑음,단일로 - 기타,승합,남,58세,상해없음,보행자,남,52세,중상
2018062000100550,2018년 6월 20일 21시,수요일,대구광역시 서구 평리동,중상사고,0,1,0,0,차대사람 - 보도통행중,보행자보호의무위반,포장 - 건조,맑음,단일로 - 기타,승용,남,34세,상해없음,보행자,남,50세,중상
2018062100100045,2018년 6월 21일 04시,목요일,대구광역시 서구 내당동,경상사고,0,0,1,0,차대사람 - 차도통행중,안전운전불이행,포장 - 건조,맑음,단일로 - 기타,승용,남,72세,상해없음,보행자,남,62세,경상
2018062100100057,2018년 6월 21일 05시,목요일,대구광역시 수성구 파동,중상사고,0,1,1,0,차대사람 - 횡단중,보행자보호의무위반,포장 - 건조,맑음,단일로 - 기타,이륜,여,61세,경상,보행자,여,86세,중상
2018062100100301,2018년 6월 21일 14시,목요일,대구광역시 북구 복현동,중상사고,0,1,0,0,차대사람 - 길가장자리구역통행중,안전운전불이행,포장 - 건조,맑음,교차로 - 교차로안,승용,여,24세,상해없음,보행자,여,59세,중상
2018062100100502,2018년 6월 21일 18시,목요일,대구광역시 달성군 가창면,중상사고,0,1,0,0,차대사람 - 기타,안전운전불이행,포장 - 건조,맑음,기타 - 기타,승용,여,41세,상해없음,보행자,여,89세,중상
2018062100100532,2018년 6월 21일 19시,목요일,대구광역시 북구 태전동,중상사고,0,1,0,0,차대사람 - 횡단중,안전운전불이행,포장 - 건조,맑음,단일로 - 기타,승합,남,58세,상해없음,보행자,여,32세,중상
2018062100100567,2018년 6월 21일 20시,목요일,대구광역시 수성구 수성동1가,중상사고,0,1,0,0,차대사람 - 길가장자리구역통행중,안전운전불이행,포장 - 건조,맑음,교차로 - 교차로안,승용,남,57세,상해없음,보행자,여,83세,중상
2018062100100652,2018년 6월 21일 23시,목요일,대구광역시 서구 비산동,중상사고,0,1,0,0,차대사람 - 횡단중,안전운전불이행,포장 - 건조,맑음,단일로 - 기타,승용,남,61세,상해없음,보행자,여,60세,중상
2018062100100653,2018년 6월 21일 23시,목요일,대구광역시 서구 내당동,중상사고,0,1,0,0,차대사람 - 횡단중,안전운전불이행,포장 - 건조,맑음,교차로 - 교차로안,승용,남,38세,상해없음,보행자,남,64세,중상
2018062200100220,2018년 6월 22일 10시,금요일,대구광역시 달서구 상인동,부상신고사고,0,0,0,1,차대사람 - 기타,안전운전불이행,포장 - 건조,맑음,단일로 - 기타,승합,남,39세,상해없음,보행자,남,5세,부상신고
2018062200100246,2018년 6월 22일 11시,금요일,대구광역시 남구 대명동,경상사고,0,0,1,0,차대사람 - 횡단중,안전운전불이행,포장 - 건조,맑음,단일로 - 기타,승용,남,74세,상해없음,보행자,남,76세,경상
2018062200100319,2018년 6월 22일 13시,금요일,대구광역시 수성구 시지동,중상사고,0,1,0,0,차대사람 - 차도통행중,안전운전불이행,포장 - 건조,맑음,교차로 - 교차로안,승용,여,64세,상해없음,보행자,여,24세,중상
2018062200100365,2018년 6월 22일 14시,금요일,대구광역시 북구 산격동,중상사고,0,1,0,0,차대사람 - 횡단중,보행자보호의무위반,포장 - 건조,맑음,단일로 - 기타,승용,남,57세,상해없음,보행자,여,71세,중상
2018062200100459,2018년 6월 22일 16시,금요일,대구광역시 달성군 다사읍,경상사고,0,0,1,0,차대사람 - 횡단중,신호위반,포장 - 건조,맑음,교차로 - 교차로부근,이륜,남,38세,상해없음,보행자,남,13세,경상
2018062200100516,2018년 6월 22일 17시,금요일,대구광역시 수성구 범물동,경상사고,0,0,1,0,차대사람 - 기타,안전운전불이행,포장 - 건조,맑음,단일로 - 기타,승용,남,66세,기타불명,보행자,남,8세,경상
2018062200100619,2018년 6월 22일 19시,금요일,대구광역시 남구 대명동,중상사고,0,1,0,0,차대사람 - 횡단중,안전운전불이행,포장 - 건조,맑음,단일로 - 기타,승용,남,39세,상해없음,보행자,남,66세,중상
2018062200100660,2018년 6월 22일 20시,금요일,대구광역시 수성구 범어동,경상사고,0,0,1,0,차대사람 - 기타,안전운전불이행,포장 - 건조,맑음,기타 - 기타,기타불명,기타불명,미분류,기타불명,보행자,남,14세,경상
2018062300100158,2018년 6월 23일 09시,토요일,대구광역시 서구 비산동,경상사고,0,0,1,0,차대사람 - 차도통행중,안전운전불이행,포장 - 건조,맑음,교차로 - 교차로안,기타불명,기타불명,미분류,기타불명,보행자,남,90세 이상,경상
2018062300100346,2018년 6월 23일 14시,토요일,대구광역시 달서구 감삼동,경상사고,0,0,1,0,차대사람 - 횡단중,안전운전불이행,포장 - 건조,맑음,교차로 - 교차로부근,승용,남,39세,상해없음,보행자,여,78세,경상
2018062300100347,2018년 6월 23일 14시,토요일,대구광역시 북구 태전동,경상사고,0,0,1,0,차대사람 - 기타,안전운전불이행,포장 - 건조,맑음,기타 - 기타,승용,남,62세,상해없음,보행자,여,65세,경상
2018062300100498,2018년 6월 23일 19시,토요일,대구광역시 동구 신암동,중상사고,0,1,0,0,차대사람 - 횡단중,보행자보호의무위반,포장 - 건조,맑음,교차로 - 교차로횡단보도내,승용,남,75세,상해없음,보행자,여,72세,중상
2018062300100499,2018년 6월 23일 19시,토요일,대구광역시 수성구 신매동,중상사고,0,1,0,0,차대사람 - 횡단중,안전운전불이행,포장 - 건조,맑음,교차로 - 교차로안,승용,여,56세,상해없음,보행자,남,54세,중상
2018062300100529,2018년 6월 23일 20시,토요일,대구광역시 북구 칠성동2가,경상사고,0,0,1,0,차대사람 - 횡단중,보행자보호의무위반,포장 - 건조,맑음,단일로 - 기타,승용,여,40세,상해없음,보행자,여,55세,경상
2018062400100034,2018년 6월 24일 01시,일요일,대구광역시 중구 봉산동,경상사고,0,0,1,0,차대사람 - 차도통행중,안전운전불이행,포장 - 건조,맑음,단일로 - 기타,승용,여,34세,상해없음,보행자,남,48세,경상
2018062400100049,2018년 6월 24일 03시,일요일,대구광역시 중구 삼덕동1가,경상사고,0,0,1,0,차대사람 - 차도통행중,안전운전불이행,포장 - 건조,맑음,단일로 - 기타,승용,남,59세,상해없음,보행자,여,21세,경상
2018062400100178,2018년 6월 24일 12시,일요일,대구광역시 수성구 지산동,경상사고,0,0,2,0,차대사람 - 횡단중,안전운전불이행,포장 - 건조,맑음,교차로 - 교차로횡단보도내,승용,남,51세,상해없음,보행자,여,8세,경상
2018062400100257,2018년 6월 24일 15시,일요일,대구광역시 중구 삼덕동1가,경상사고,0,0,1,0,차대사람 - 차도통행중,안전운전불이행,포장 - 건조,맑음,단일로 - 기타,승용,남,35세,상해없음,보행자,여,49세,경상
2018062400100417,2018년 6월 24일 21시,일요일,대구광역시 달서구 송현동,부상신고사고,0,0,0,1,차대사람 - 기타,안전운전불이행,포장 - 건조,맑음,교차로 - 교차로안,기타불명,기타불명,미분류,기타불명,보행자,남,57세,부상신고
2018062400100437,2018년 6월 24일 22시,일요일,대구광역시 달서구 두류동,경상사고,0,0,1,0,차대사람 - 기타,보행자보호의무위반,포장 - 건조,맑음,교차로 - 교차로횡단보도내,승용,여,21세,상해없음,보행자,여,19세,경상
2018062500100039,2018년 6월 25일 04시,월요일,대구광역시 북구 매천동,중상사고,0,1,0,0,차대사람 - 기타,안전운전불이행,포장 - 건조,흐림,교차로 - 교차로안,화물,남,36세,상해없음,보행자,남,23세,중상
2018062500100243,2018년 6월 25일 11시,월요일,대구광역시 남구 대명동,경상사고,0,0,1,0,차대사람 - 횡단중,보행자보호의무위반,포장 - 건조,맑음,교차로 - 교차로부근,화물,여,47세,상해없음,보행자,여,23세,경상
2018062500100378,2018년 6월 25일 14시,월요일,대구광역시 달성군 화원읍,경상사고,0,0,1,0,차대사람 - 횡단중,안전운전불이행,포장 - 건조,맑음,단일로 - 기타,승용,남,31세,상해없음,보행자,여,12세,경상
2018062500100461,2018년 6월 25일 16시,월요일,대구광역시 서구 평리동,부상신고사고,0,0,0,1,차대사람 - 횡단중,안전운전불이행,포장 - 건조,맑음,단일로 - 기타,기타불명,기타불명,미분류,기타불명,보행자,남,8세,부상신고
2018062500100588,2018년 6월 25일 19시,월요일,대구광역시 남구 대명동,경상사고,0,0,1,0,차대사람 - 횡단중,신호위반,포장 - 건조,맑음,기타 - 기타,이륜,남,32세,상해없음,보행자,여,11세,경상
2018062600100453,2018년 6월 26일 17시,화요일,대구광역시 서구 평리동,경상사고,0,0,1,0,차대사람 - 기타,안전운전불이행,포장 - 건조,맑음,교차로 - 교차로안,승용,남,51세,상해없음,보행자,여,6세,경상
2018062600100486,2018년 6월 26일 18시,화요일,대구광역시 수성구 범어동,경상사고,0,0,1,0,차대사람 - 기타,안전운전불이행,포장 - 건조,맑음,단일로 - 기타,승용,여,38세,상해없음,보행자,남,18세,경상
2018062600100522,2018년 6월 26일 19시,화요일,대구광역시 달서구 이곡동,경상사고,0,0,1,0,차대사람 - 기타,보행자보호의무위반,포장 - 건조,맑음,단일로 - 기타,승용,남,62세,기타불명,보행자,여,36세,경상
2018062600100652,2018년 6월 26일 23시,화요일,대구광역시 달성군 다사읍,중상사고,0,1,0,0,차대사람 - 기타,안전운전불이행,포장 - 젖음/습기,비,단일로 - 기타,승용,여,56세,상해없음,보행자,남,27세,중상
2018062700100033,2018년 6월 27일 02시,수요일,대구광역시 달서구 송현동,경상사고,0,0,1,0,차대사람 - 기타,안전운전불이행,포장 - 젖음/습기,비,교차로 - 교차로부근,승용,남,42세,상해없음,보행자,남,40세,경상
2018062700100061,2018년 6월 27일 05시,수요일,대구광역시 남구 대명동,중상사고,0,1,0,0,차대사람 - 횡단중,신호위반,포장 - 젖음/습기,비,단일로 - 기타,기타불명,기타불명,미분류,기타불명,보행자,여,71세,중상
2018062700100338,2018년 6월 27일 16시,수요일,대구광역시 달서구 두류동,경상사고,0,0,1,0,차대사람 - 기타,보행자보호의무위반,포장 - 건조,맑음,단일로 - 기타,승용,남,43세,상해없음,보행자,여,27세,경상
2018062700100387,2018년 6월 27일 17시,수요일,대구광역시 수성구 파동,경상사고,0,0,1,0,차대사람 - 횡단중,보행자보호의무위반,포장 - 건조,맑음,단일로 - 기타,승용,여,62세,상해없음,보행자,여,11세,경상
2018062700100388,2018년 6월 27일 17시,수요일,대구광역시 수성구 지산동,중상사고,0,1,0,0,차대사람 - 횡단중,안전운전불이행,포장 - 건조,맑음,단일로 - 기타,승용,여,30세,상해없음,보행자,여,76세,중상
2018062700100389,2018년 6월 27일 17시,수요일,대구광역시 수성구 신매동,경상사고,0,0,1,0,차대사람 - 횡단중,안전운전불이행,포장 - 건조,맑음,단일로 - 기타,승용,여,58세,상해없음,보행자,여,51세,경상
2018062700100453,2018년 6월 27일 19시,수요일,대구광역시 수성구 신매동,중상사고,0,1,0,0,차대사람 - 횡단중,보행자보호의무위반,포장 - 건조,맑음,교차로 - 교차로부근,승용,여,56세,상해없음,보행자,여,70세,중상
2018062700100479,2018년 6월 27일 20시,수요일,대구광역시 달성군 다사읍,중상사고,0,1,0,0,차대사람 - 기타,안전운전불이행,포장 - 건조,맑음,단일로 - 기타,자전거,남,40세,상해없음,보행자,여,47세,중상
2018062700100511,2018년 6월 27일 21시,수요일,대구광역시 중구 남산동,경상사고,0,0,1,0,차대사람 - 기타,안전운전불이행,포장 - 건조,맑음,단일로 - 기타,화물,남,56세,상해없음,보행자,남,13세,경상
2018062800100110,2018년 6월 28일 07시,목요일,대구광역시 중구 삼덕동1가,경상사고,0,0,1,0,차대사람 - 기타,안전운전불이행,포장 - 젖음/습기,맑음,단일로 - 기타,승용,남,22세,상해없음,보행자,남,28세,경상
2018062800100205,2018년 6월 28일 10시,목요일,대구광역시 북구 칠성동2가,경상사고,0,0,1,0,차대사람 - 횡단중,보행자보호의무위반,포장 - 젖음/습기,비,단일로 - 기타,승합,남,52세,상해없음,보행자,여,71세,경상
2018062800100235,2018년 6월 28일 11시,목요일,대구광역시 수성구 대흥동,중상사고,0,1,0,0,차대사람 - 차도통행중,안전운전불이행,포장 - 건조,맑음,단일로 - 기타,승용,여,43세,상해없음,보행자,여,78세,중상
2018062800100513,2018년 6월 28일 20시,목요일,대구광역시 남구 봉덕동,경상사고,0,0,1,0,차대사람 - 기타,안전운전불이행,포장 - 건조,맑음,교차로 - 교차로부근,승용,남,47세,상해없음,보행자,남,63세,경상
2018062900100039,2018년 6월 29일 03시,금요일,대구광역시 서구 평리동,경상사고,0,0,1,0,차대사람 - 기타,안전운전불이행,포장 - 건조,맑음,단일로 - 기타,화물,남,59세,상해없음,보행자,남,48세,경상
2018062900100214,2018년 6월 29일 11시,금요일,대구광역시 서구 비산동,중상사고,0,1,0,0,차대사람 - 기타,기타,포장 - 건조,맑음,단일로 - 기타,승합,남,59세,상해없음,보행자,여,63세,중상
2018062900100350,2018년 6월 29일 15시,금요일,대구광역시 수성구 황금동,경상사고,0,0,1,0,차대사람 - 보도통행중,기타,포장 - 건조,맑음,미분류 - 미분류,승용,남,76세,상해없음,보행자,남,76세,경상
2018062900100433,2018년 6월 29일 17시,금요일,대구광역시 달서구 본동,중상사고,0,1,0,0,차대사람 - 횡단중,보행자보호의무위반,포장 - 건조,맑음,교차로 - 교차로횡단보도내,승용,여,50세,상해없음,보행자,여,57세,중상
2018062900100435,2018년 6월 29일 17시,금요일,대구광역시 달성군 다사읍,경상사고,0,0,1,0,차대사람 - 기타,안전운전불이행,포장 - 건조,맑음,단일로 - 기타,승용,여,51세,상해없음,보행자,남,34세,경상
2018062900100436,2018년 6월 29일 17시,금요일,대구광역시 달서구 본리동,경상사고,0,0,1,0,차대사람 - 횡단중,안전운전불이행,포장 - 건조,맑음,단일로 - 기타,승용,남,26세,상해없음,보행자,남,6세,경상
2018062900100559,2018년 6월 29일 20시,금요일,대구광역시 서구 비산동,중상사고,0,1,0,0,차대사람 - 횡단중,안전운전불이행,포장 - 건조,맑음,단일로 - 기타,이륜,남,47세,상해없음,보행자,여,80세,중상
2018062900100586,2018년 6월 29일 21시,금요일,대구광역시 중구 삼덕동1가,경상사고,0,0,1,0,차대사람 - 차도통행중,안전운전불이행,포장 - 젖음/습기,맑음,단일로 - 기타,승용,남,60세,상해없음,보행자,남,24세,경상
2018063000100016,2018년 6월 30일 00시,토요일,대구광역시 수성구 수성동1가,중상사고,0,1,1,0,차대사람 - 횡단중,보행자보호의무위반,포장 - 젖음/습기,비,단일로 - 기타,이륜,남,29세,상해없음,보행자,남,52세,경상
2018063000100039,2018년 6월 30일 01시,토요일,대구광역시 달서구 상인동,중상사고,0,1,0,0,차대사람 - 기타,보행자보호의무위반,포장 - 건조,맑음,교차로 - 교차로횡단보도내,승용,남,33세,상해없음,보행자,남,54세,중상
2018063000100166,2018년 6월 30일 10시,토요일,대구광역시 남구 봉덕동,경상사고,0,0,1,0,차대사람 - 횡단중,안전운전불이행,포장 - 건조,맑음,단일로 - 기타,승용,남,31세,상해없음,보행자,남,41세,경상
2018063000100195,2018년 6월 30일 11시,토요일,대구광역시 서구 비산동,중상사고,0,1,0,0,차대사람 - 기타,안전운전불이행,포장 - 건조,맑음,단일로 - 기타,승용,남,17세,상해없음,보행자,남,15세,중상
2018063000100233,2018년 6월 30일 12시,토요일,대구광역시 달서구 성당동,경상사고,0,0,1,0,차대사람 - 횡단중,안전운전불이행,포장 - 건조,맑음,단일로 - 기타,승용,남,66세,기타불명,보행자,여,54세,경상
2018063000100474,2018년 6월 30일 20시,토요일,대구광역시 수성구 욱수동,경상사고,0,0,1,0,차대사람 - 보도통행중,기타,포장 - 젖음/습기,비,기타 - 기타,이륜,남,47세,상해없음,보행자,여,52세,경상
2018063000100501,2018년 6월 30일 21시,토요일,대구광역시 수성구 신매동,중상사고,0,1,0,0,차대사람 - 기타,안전운전불이행,포장 - 건조,맑음,단일로 - 기타,이륜,남,47세,상해없음,보행자,남,81세,중상
2018063000100544,2018년 6월 30일 23시,토요일,대구광역시 북구 태전동,부상신고사고,0,0,0,1,차대사람 - 횡단중,보행자보호의무위반,포장 - 젖음/습기,비,교차로 - 교차로횡단보도내,승용,남,26세,상해없음,보행자,남,46세,부상신고
2018070100100015,2018년 7월 1일 00시,일요일,대구광역시 수성구 수성동2가,중상사고,0,1,0,0,차대사람 - 차도통행중,안전운전불이행,포장 - 젖음/습기,비,단일로 - 기타,화물,남,26세,상해없음,보행자,남,60세,중상
2018070100100310,2018년 7월 1일 18시,일요일,대구광역시 북구 칠성동1가,경상사고,0,0,1,0,차대사람 - 차도통행중,안전운전불이행,포장 - 건조,맑음,단일로 - 기타,승용,여,36세,상해없음,보행자,남,60세,경상
2018070100100427,2018년 7월 1일 21시,일요일,대구광역시 북구 복현동,부상신고사고,0,0,0,1,차대사람 - 기타,안전운전불이행,포장 - 건조,맑음,교차로 - 교차로부근,승용,남,52세,상해없음,보행자,남,35세,부상신고
2018070100100429,2018년 7월 1일 21시,일요일,대구광역시 북구 읍내동,중상사고,0,1,0,0,차대사람 - 횡단중,안전운전불이행,포장 - 젖음/습기,비,단일로 - 기타,승용,남,48세,상해없음,보행자,남,50세,중상
2018070200100039,2018년 7월 2일 02시,월요일,대구광역시 남구 대명동,중상사고,0,1,0,0,차대사람 - 차도통행중,안전운전불이행,포장 - 건조,맑음,단일로 - 기타,승용,남,64세,상해없음,보행자,남,47세,중상
2018070200100132,2018년 7월 2일 08시,월요일,대구광역시 동구 신천동,중상사고,0,1,0,0,차대사람 - 기타,기타,포장 - 젖음/습기,비,기타 - 기타,승용,남,39세,기타불명,보행자,여,29세,중상