사고번호,사고일시,요일,시군구,사고내용,사망자수,중상자수,경상자수,부상신고자수,사고유형,법규위반,노면상태,기상상태,도로형태,가해운전자 차종,가해운전자 성별,가해운전자 연령,가해운전자 상해정도,피해운전자 차종,피해운전자 성별,피해운전자 연령,피해운전자 상해정도
2018092700100121,2018년 9월 27일 08시,목요일,대구광역시 달서구 송현동,경상사고,0,0,1,0,차대사람 - 보도통행중,안전운전불이행,포장 - 건조,맑음,단일로 - 기타,승용,남,57세,상해없음,보행자,여,45세,경상
2018092700100159,2018년 9월 27일 09시,목요일,대구광역시 달서구 월성동,경상사고,0,0,1,0,차대사람 - 횡단중,보행자보호의무위반,포장 - 건조,맑음,교차로 - 교차로횡단보도내,승용,남,60세,상해없음,보행자,남,74세,경상
2018092700100285,2018년 9월 27일 13시,목요일,대구광역시 서구 비산동,경상사고,0,0,1,0,차대사람 - 기타,안전운전불이행,포장 - 건조,맑음,단일로 - 기타,승합,남,47세,상해없음,보행자,남,60세,경상
2018092700100424,2018년 9월 27일 16시,목요일,대구광역시 달서구 용산동,경상사고,0,0,1,0,차대사람 - 기타,안전운전불이행,포장 - 건조,맑음,단일로 - 기타,화물,남,40세,상해없음,보행자,남,36세,경상
2018092700100464,2018년 9월 27일 17시,목요일,대구광역시 남구 대명동,경상사고,0,0,1,0,차대사람 - 보도통행중,기타,포장 - 건조,맑음,기타 - 기타,자전거,남,74세,경상,보행자,남,46세,상해없음
2018092700100562,2018년 9월 27일 19시,목요일,대구광역시 수성구 시지동,중상사고,0,1,0,0,차대사람 - 길가장자리구역통행중,보행자보호의무위반,포장 - 건조,맑음,교차로 - 교차로부근,승용,남,52세,상해없음,보행자,여,82세,중상
2018092800100173,2018년 9월 28일 10시,금요일,대구광역시 북구 칠성동1가,경상사고,0,0,1,0,차대사람 - 차도통행중,안전운전불이행,포장 - 건조,맑음,단일로 - 기타,승용,여,67세,상해없음,보행자,여,63세,경상
2018092800100226,2018년 9월 28일 12시,금요일,대구광역시 동구 지저동,경상사고,0,0,1,0,차대사람 - 횡단중,안전운전불이행,포장 - 건조,맑음,단일로 - 기타,승용,남,65세,상해없음,보행자,여,66세,경상
2018092800100384,2018년 9월 28일 17시,금요일,대구광역시 북구 구암동,중상사고,0,1,0,0,차대사람 - 횡단중,보행자보호의무위반,포장 - 건조,맑음,교차로 - 교차로안,승용,남,47세,상해없음,보행자,남,6세,중상
2018092800100561,2018년 9월 28일 23시,금요일,대구광역시 달서구 감삼동,중상사고,0,2,0,0,차대사람 - 횡단중,보행자보호의무위반,포장 - 건조,기타,교차로 - 교차로횡단보도내,승용,남,69세,상해없음,보행자,남,54세,중상
2018092900100077,2018년 9월 29일 04시,토요일,대구광역시 중구 삼덕동1가,경상사고,0,0,1,0,차대사람 - 길가장자리구역통행중,안전운전불이행,포장 - 건조,맑음,단일로 - 기타,승용,남,58세,상해없음,보행자,남,21세,경상
2018092900100106,2018년 9월 29일 06시,토요일,대구광역시 중구 삼덕동1가,부상신고사고,0,0,0,2,차대사람 - 길가장자리구역통행중,안전운전불이행,포장 - 건조,맑음,단일로 - 기타,승용,남,30세,상해없음,보행자,여,24세,부상신고
2018092900100205,2018년 9월 29일 10시,토요일,대구광역시 중구 남산동,중상사고,0,1,0,0,차대사람 - 횡단중,보행자보호의무위반,포장 - 건조,맑음,단일로 - 기타,승용,남,21세,상해없음,보행자,여,69세,중상
2018092900100274,2018년 9월 29일 12시,토요일,대구광역시 북구 복현동,중상사고,0,1,0,0,차대사람 - 횡단중,안전운전불이행,포장 - 건조,맑음,단일로 - 기타,승용,남,22세,상해없음,보행자,여,82세,중상
2018092900100311,2018년 9월 29일 13시,토요일,대구광역시 북구 고성동2가,경상사고,0,0,1,0,차대사람 - 횡단중,보행자보호의무위반,포장 - 건조,맑음,교차로 - 교차로횡단보도내,승용,남,74세,상해없음,보행자,남,57세,경상
2018092900100367,2018년 9월 29일 15시,토요일,대구광역시 남구 대명동,경상사고,0,0,1,0,차대사람 - 기타,안전운전불이행,포장 - 건조,맑음,단일로 - 기타,화물,남,29세,상해없음,보행자,남,44세,경상
2018092900100515,2018년 9월 29일 19시,토요일,대구광역시 수성구 시지동,경상사고,0,0,1,0,차대사람 - 횡단중,보행자보호의무위반,포장 - 건조,맑음,교차로 - 교차로횡단보도내,승용,남,61세,상해없음,보행자,남,70세,경상
2018092900100545,2018년 9월 29일 20시,토요일,대구광역시 중구 동인동3가,경상사고,0,0,1,0,차대사람 - 기타,기타,포장 - 건조,맑음,단일로 - 기타,승용,남,59세,상해없음,보행자,여,29세,경상
2018092900100598,2018년 9월 29일 22시,토요일,대구광역시 북구 매천동,경상사고,0,0,1,1,차대사람 - 보도통행중,기타,포장 - 건조,맑음,단일로 - 기타,자전거,여,37세,부상신고,보행자,남,19세,경상
2018093000100014,2018년 9월 30일 00시,일요일,대구광역시 수성구 지산동,경상사고,0,0,1,0,차대사람 - 기타,기타,포장 - 건조,맑음,단일로 - 기타,승용,남,47세,상해없음,보행자,여,19세,경상
2018093000100039,2018년 9월 30일 02시,일요일,대구광역시 달서구 월성동,중상사고,0,1,0,0,차대사람 - 횡단중,안전운전불이행,포장 - 건조,맑음,단일로 - 기타,승용,남,60세,상해없음,보행자,여,31세,중상
2018093000100040,2018년 9월 30일 02시,일요일,대구광역시 중구 삼덕동1가,부상신고사고,0,0,0,1,차대사람 - 길가장자리구역통행중,안전운전불이행,포장 - 건조,맑음,단일로 - 기타,승용,남,22세,상해없음,보행자,남,26세,부상신고
2018093000100068,2018년 9월 30일 06시,일요일,대구광역시 북구 대현동,중상사고,0,1,0,0,차대사람 - 횡단중,안전운전불이행,포장 - 건조,맑음,교차로 - 교차로횡단보도내,승용,남,57세,상해없음,보행자,여,69세,중상
2018093000100069,2018년 9월 30일 06시,일요일,대구광역시 중구 달성동,경상사고,0,0,1,0,차대사람 - 길가장자리구역통행중,안전운전불이행,포장 - 건조,맑음,단일로 - 기타,승용,남,67세,상해없음,보행자,남,56세,경상
2018093000100070,2018년 9월 30일 06시,일요일,대구광역시 달서구 본리동,중상사고,0,1,0,0,차대사람 - 횡단중,신호위반,포장 - 건조,맑음,교차로 - 교차로횡단보도내,승용,남,49세,상해없음,보행자,남,85세,중상
2018093000100217,2018년 9월 30일 13시,일요일,대구광역시 달서구 죽전동,중상사고,0,1,0,0,차대사람 - 횡단중,보행자보호의무위반,포장 - 건조,맑음,단일로 - 기타,승용,남,25세,상해없음,보행자,여,79세,중상
2018093000100218,2018년 9월 30일 13시,일요일,대구광역시 달서구 장기동,경상사고,0,0,1,0,차대사람 - 기타,안전운전불이행,포장 - 건조,맑음,단일로 - 기타,승용,여,24세,상해없음,보행자,남,29세,경상
2018093000100219,2018년 9월 30일 13시,일요일,대구광역시 달서구 용산동,경상사고,0,0,1,0,차대사람 - 기타,안전운전불이행,포장 - 건조,맑음,기타 - 기타,승용,여,45세,상해없음,보행자,여,5세,경상
2018093000100254,2018년 9월 30일 14시,일요일,대구광역시 서구 평리동,중상사고,0,1,0,0,차대사람 - 기타,안전운전불이행,포장 - 건조,맑음,단일로 - 기타,승용,남,69세,상해없음,보행자,여,68세,중상
2018093000100289,2018년 9월 30일 15시,일요일,대구광역시 북구 산격동,중상사고,0,1,0,0,차대사람 - 기타,안전운전불이행,포장 - 건조,맑음,교차로 - 교차로부근,승용,남,40세,상해없음,보행자,남,17세,중상
2018093000100326,2018년 9월 30일 16시,일요일,대구광역시 서구 내당동,중상사고,0,3,0,0,차대사람 - 횡단중,신호위반,포장 - 건조,맑음,단일로 - 기타,승용,남,23세,상해없음,보행자,여,20세,중상
2018093000100459,2018년 9월 30일 20시,일요일,대구광역시 남구 대명동,경상사고,0,0,1,0,차대사람 - 차도통행중,안전운전불이행,포장 - 건조,맑음,단일로 - 기타,승용,여,49세,상해없음,보행자,여,52세,경상
2018100100100034,2018년 10월 1일 04시,월요일,대구광역시 달서구 도원동,중상사고,0,1,0,0,차대사람 - 횡단중,신호위반,포장 - 건조,맑음,기타 - 기타,승용,여,55세,상해없음,보행자,남,33세,중상
2018100100100291,2018년 10월 1일 13시,월요일,대구광역시 수성구 두산동,중상사고,0,2,0,0,차대사람 - 횡단중,안전운전불이행,포장 - 건조,맑음,교차로 - 교차로안,승용,남,52세,상해없음,보행자,여,74세,중상
2018100100100332,2018년 10월 1일 14시,월요일,대구광역시 북구 산격동,경상사고,0,0,1,0,차대사람 - 횡단중,보행자보호의무위반,포장 - 건조,맑음,단일로 - 기타,기타불명,기타불명,미분류,기타불명,보행자,남,61세,경상
2018100100100333,2018년 10월 1일 14시,월요일,대구광역시 서구 중리동,중상사고,0,1,0,0,차대사람 - 기타,안전운전불이행,포장 - 건조,맑음,교차로 - 교차로부근,화물,남,53세,상해없음,보행자,남,45세,중상
2018100100100449,2018년 10월 1일 17시,월요일,대구광역시 수성구 만촌동,경상사고,0,0,1,0,차대사람 - 기타,안전운전불이행,포장 - 건조,맑음,교차로 - 교차로안,승용,남,35세,상해없음,보행자,여,1세,경상
2018100100100534,2018년 10월 1일 19시,월요일,대구광역시 동구 신암동,부상신고사고,0,0,0,1,차대사람 - 길가장자리구역통행중,안전운전불이행,포장 - 건조,맑음,단일로 - 기타,승용,남,45세,상해없음,보행자,남,44세,부상신고
2018100100100535,2018년 10월 1일 19시,월요일,대구광역시 수성구 지산동,경상사고,0,0,1,0,차대사람 - 기타,안전운전불이행,포장 - 건조,맑음,단일로 - 기타,승용,남,61세,상해없음,보행자,여,31세,경상
2018100100100562,2018년 10월 1일 20시,월요일,대구광역시 달서구 용산동,경상사고,0,0,1,0,차대사람 - 횡단중,안전운전불이행,포장 - 건조,맑음,단일로 - 기타,승용,남,26세,상해없음,보행자,여,39세,경상
2018100100100587,2018년 10월 1일 21시,월요일,대구광역시 동구 신암동,중상사고,0,1,0,0,차대사람 - 횡단중,안전운전불이행,포장 - 건조,맑음,단일로 - 기타,승용,여,58세,상해없음,보행자,여,82세,중상
2018100200100275,2018년 10월 2일 12시,화요일,대구광역시 동구 신암동,경상사고,0,0,1,0,차대사람 - 기타,안전운전불이행,포장 - 건조,맑음,단일로 - 기타,승용,남,46세,상해없음,보행자,남,49세,경상
2018100200100373,2018년 10월 2일 15시,화요일,대구광역시 동구 도동,사망사고,1,0,0,0,차대사람 - 기타,안전운전불이행,포장 - 건조,맑음,교차로 - 교차로횡단보도내,승용,여,43세,상해없음,보행자,남,45세,사망
2018100200100508,2018년 10월 2일 18시,화요일,대구광역시 북구 산격동,경상사고,0,0,1,0,차대사람 - 기타,안전운전불이행,포장 - 건조,맑음,단일로 - 기타,승용,남,40세,상해없음,보행자,남,34세,경상
2018100200100509,2018년 10월 2일 18시,화요일,대구광역시 서구 평리동,중상사고,0,1,0,0,차대사람 - 기타,안전운전불이행,포장 - 건조,맑음,단일로 - 기타,승용,남,22세,상해없음,보행자,여,68세,중상
2018100200100559,2018년 10월 2일 19시,화요일,대구광역시 중구 공평동,경상사고,0,0,1,0,차대사람 - 길가장자리구역통행중,안전운전불이행,포장 - 건조,맑음,단일로 - 기타,승용,여,57세,상해없음,보행자,여,28세,경상
2018100200100683,2018년 10월 2일 23시,화요일,대구광역시 중구 태평로1가,중상사고,0,1,0,0,차대사람 - 횡단중,안전운전불이행,포장 - 건조,맑음,단일로 - 기타,승용,남,68세,상해없음,보행자,남,78세,중상
2018100300100238,2018년 10월 3일 12시,수요일,대구광역시 수성구 지산동,경상사고,0,0,1,0,차대사람 - 기타,안전운전불이행,포장 - 건조,맑음,단일로 - 기타,승용,남,38세,상해없음,보행자,여,35세,경상
2018100300100313,2018년 10월 3일 14시,수요일,대구광역시 달서구 성당동,부상신고사고,0,0,0,1,차대사람 - 횡단중,안전운전불이행,포장 - 건조,맑음,교차로 - 교차로횡단보도내,승용,남,46세,상해없음,보행자,남,48세,부상신고
2018100300100430,2018년 10월 3일 17시,수요일,대구광역시 중구 종로1가,경상사고,0,0,1,0,차대사람 - 기타,안전운전불이행,포장 - 건조,맑음,단일로 - 기타,승용,남,52세,상해없음,보행자,남,58세,경상
2018100300100545,2018년 10월 3일 21시,수요일,대구광역시 수성구 두산동,중상사고,0,1,0,0,차대사람 - 기타,안전운전불이행,포장 - 건조,맑음,단일로 - 기타,승용,여,56세,상해없음,보행자,여,54세,중상
2018100400100013,2018년 10월 4일 00시,목요일,대구광역시 달서구 용산동,경상사고,0,0,1,0,차대사람 - 횡단중,보행자보호의무위반,포장 - 건조,맑음,교차로 - 교차로안,승용,여,48세,상해없음,보행자,남,26세,경상
2018100400100142,2018년 10월 4일 08시,목요일,대구광역시 북구 산격동,중상사고,0,1,0,0,차대사람 - 횡단중,신호위반,포장 - 건조,맑음,교차로 - 교차로안,화물,남,63세,상해없음,보행자,남,70세,중상
2018100400100187,2018년 10월 4일 09시,목요일,대구광역시 북구 칠성동1가,중상사고,0,1,0,0,차대사람 - 기타,기타,포장 - 건조,맑음,단일로 - 기타,승합,남,47세,상해없음,보행자,여,64세,중상
2018100400100232,2018년 10월 4일 10시,목요일,대구광역시 서구 원대동1가,경상사고,0,0,1,0,차대사람 - 길가장자리구역통행중,기타,포장 - 건조,맑음,단일로 - 기타,화물,남,60세,상해없음,보행자,남,21세,경상
2018100400100328,2018년 10월 4일 13시,목요일,대구광역시 남구 대명동,중상사고,0,1,0,0,차대사람 - 횡단중,신호위반,포장 - 건조,맑음,단일로 - 기타,승용,여,57세,상해없음,보행자,여,18세,중상
2018100400100402,2018년 10월 4일 15시,목요일,대구광역시 동구 신암동,경상사고,0,0,1,0,차대사람 - 횡단중,기타,포장 - 건조,맑음,기타 - 기타,화물,남,40세,상해없음,보행자,남,87세,경상
2018100400100432,2018년 10월 4일 16시,목요일,대구광역시 남구 봉덕동,중상사고,0,1,0,0,차대사람 - 횡단중,보행자보호의무위반,포장 - 건조,맑음,교차로 - 교차로횡단보도내,승용,여,60세,상해없음,보행자,남,66세,중상
2018100400100470,2018년 10월 4일 17시,목요일,대구광역시 동구 괴전동,부상신고사고,0,0,0,1,차대사람 - 기타,안전운전불이행,포장 - 건조,맑음,단일로 - 기타,승합,남,45세,상해없음,보행자,남,89세,부상신고
2018100400100533,2018년 10월 4일 18시,목요일,대구광역시 중구 인교동,경상사고,0,0,1,0,차대사람 - 횡단중,보행자보호의무위반,포장 - 건조,맑음,교차로 - 교차로안,승용,남,78세,상해없음,보행자,남,41세,경상
2018100400100696,2018년 10월 4일 22시,목요일,대구광역시 수성구 지산동,중상사고,0,1,0,0,차대사람 - 횡단중,안전운전불이행,포장 - 건조,맑음,단일로 - 기타,승용,남,23세,상해없음,보행자,여,15세,중상
2018100400100697,2018년 10월 4일 22시,목요일,대구광역시 달서구 상인동,경상사고,0,0,1,0,차대사람 - 횡단중,안전운전불이행,포장 - 젖음/습기,비,단일로 - 기타,승용,여,25세,상해없음,보행자,남,69세,경상
2018100500100015,2018년 10월 5일 00시,금요일,대구광역시 남구 대명동,중상사고,0,1,0,0,차대사람 - 기타,안전운전불이행,포장 - 건조,맑음,단일로 - 기타,승용,남,60세,상해없음,보행자,여,69세,중상
2018100500100067,2018년 10월 5일 05시,금요일,대구광역시 수성구 황금동,중상사고,0,1,0,0,차대사람 - 횡단중,신호위반,포장 - 젖음/습기,비,교차로 - 교차로횡단보도내,승용,남,53세,상해없음,보행자,여,72세,중상
2018100500100068,2018년 10월 5일 05시,금요일,대구광역시 달서구 이곡동,중상사고,0,1,0,0,차대사람 - 차도통행중,안전운전불이행,포장 - 젖음/습기,비,교차로 - 교차로부근,화물,남,77세,상해없음,보행자,여,62세,중상
2018100500100083,2018년 10월 5일 06시,금요일,대구광역시 북구 동변동,경상사고,0,0,1,0,차대사람 - 횡단중,보행자보호의무위반,포장 - 젖음/습기,비,단일로 - 기타,승용,여,60세,상해없음,보행자,남,67세,경상
2018100500100149,2018년 10월 5일 08시,금요일,대구광역시 동구 신암동,경상사고,0,0,1,0,차대사람 - 횡단중,보행자보호의무위반,포장 - 젖음/습기,흐림,교차로 - 교차로횡단보도내,승용,남,63세,상해없음,보행자,남,15세,경상
2018100500100260,2018년 10월 5일 11시,금요일,대구광역시 북구 읍내동,경상사고,0,0,1,0,차대사람 - 횡단중,안전운전불이행,포장 - 젖음/습기,비,교차로 - 교차로횡단보도내,화물,남,44세,상해없음,보행자,남,48세,경상
2018100500100471,2018년 10월 5일 16시,금요일,대구광역시 달성군 다사읍,중상사고,0,1,0,0,차대사람 - 기타,안전운전불이행,포장 - 건조,맑음,기타 - 기타,승용,여,57세,상해없음,보행자,여,77세,중상
2018100500100520,2018년 10월 5일 17시,금요일,대구광역시 달서구 성당동,경상사고,0,0,1,0,차대사람 - 기타,안전운전불이행,포장 - 건조,맑음,기타 - 기타,승용,남,59세,상해없음,보행자,남,54세,경상
2018100600100062,2018년 10월 6일 01시,토요일,대구광역시 수성구 노변동,경상사고,0,0,1,0,차대사람 - 횡단중,안전운전불이행,포장 - 젖음/습기,비,단일로 - 기타,승용,남,34세,상해없음,보행자,여,49세,경상
2018100600100458,2018년 10월 6일 16시,토요일,대구광역시 북구 고성동3가,경상사고,0,0,1,0,차대사람 - 횡단중,보행자보호의무위반,비포장 - 젖음/습기,흐림,교차로 - 교차로횡단보도내,승용,남,22세,상해없음,보행자,남,80세,경상
2018100600100459,2018년 10월 6일 16시,토요일,대구광역시 북구 동천동,경상사고,0,0,1,0,차대사람 - 기타,안전운전불이행,포장 - 건조,맑음,단일로 - 기타,이륜,남,41세,상해없음,보행자,남,22세,경상
2018100600100487,2018년 10월 6일 17시,토요일,대구광역시 달서구 죽전동,중상사고,0,1,0,0,차대사람 - 기타,안전운전불이행,포장 - 건조,맑음,단일로 - 기타,이륜,남,21세,상해없음,보행자,여,58세,중상
2018100600100616,2018년 10월 6일 21시,토요일,대구광역시 달서구 진천동,중상사고,0,1,0,0,차대사람 - 기타,안전운전불이행,포장 - 건조,맑음,교차로 - 교차로안,화물,남,65세,상해없음,보행자,여,75세,중상
2018100700100069,2018년 10월 7일 04시,일요일,대구광역시 중구 삼덕동2가,경상사고,0,0,1,0,차대사람 - 차도통행중,안전운전불이행,포장 - 건조,맑음,단일로 - 기타,승용,남,36세,상해없음,보행자,남,25세,경상
2018100700100081,2018년 10월 7일 05시,일요일,대구광역시 동구 진인동,사망사고,1,0,0,0,차대사람 - 횡단중,안전운전불이행,포장 - 건조,맑음,기타 - 기타,승용,남,63세,상해없음,보행자,여,75세,사망
2018100800100107,2018년 10월 8일 08시,월요일,대구광역시 동구 효목동,중상사고,0,1,0,0,차대사람 - 차도통행중,안전운전불이행,포장 - 건조,맑음,단일로 - 기타,승용,남,37세,상해없음,보행자,여,54세,중상
2018100800100148,2018년 10월 8일 09시,월요일,대구광역시 북구 산격동,경상사고,0,0,1,0,차대사람 - 기타,안전운전불이행,포장 - 건조,맑음,단일로 - 기타,승용,남,49세,상해없음,보행자,여,61세,경상
2018100800100263,2018년 10월 8일 12시,월요일,대구광역시 동구 서호동,경상사고,0,0,1,0,차대사람 - 횡단중,안전운전불이행,포장 - 건조,맑음,단일로 - 기타,기타불명,기타불명,기타불명,기타불명,보행자,남,67세,경상
2018100800100264,2018년 10월 8일 12시,월요일,대구광역시 북구 칠성동2가,경상사고,0,0,1,0,차대사람 - 기타,안전운전불이행,포장 - 건조,맑음,단일로 - 기타,승합,남,50세,상해없음,보행자,남,62세,경상
2018100800100265,2018년 10월 8일 12시,월요일,대구광역시 북구 칠성동2가,중상사고,0,1,0,0,차대사람 - 횡단중,보행자보호의무위반,포장 - 건조,맑음,단일로 - 기타,승용,여,46세,상해없음,보행자,남,63세,중상
2018100800100300,2018년 10월 8일 13시,월요일,대구광역시 동구 서호동,중상사고,0,1,0,0,차대사람 - 기타,보행자보호의무위반,포장 - 건조,맑음,단일로 - 기타,화물,남,47세,상해없음,보행자,여,7세,중상
2018100800100301,2018년 10월 8일 13시,월요일,대구광역시 달서구 진천동,부상신고사고,0,0,0,1,차대사람 - 기타,안전운전불이행,포장 - 건조,맑음,단일로 - 기타,화물,남,66세,상해없음,보행자,여,8세,부상신고
2018100800100553,2018년 10월 8일 19시,월요일,대구광역시 서구 내당동,경상사고,0,0,1,0,차대사람 - 기타,안전운전불이행,포장 - 건조,맑음,교차로 - 교차로횡단보도내,승합,남,58세,상해없음,보행자,남,75세,경상
2018100800100613,2018년 10월 8일 21시,월요일,대구광역시 달서구 두류동,경상사고,0,0,1,0,차대사람 - 횡단중,안전운전불이행,포장 - 건조,맑음,교차로 - 교차로부근,이륜,남,28세,상해없음,보행자,여,38세,경상
2018100900100035,2018년 10월 9일 01시,화요일,대구광역시 중구 삼덕동1가,중상사고,0,1,0,0,차대사람 - 횡단중,안전운전불이행,포장 - 건조,맑음,단일로 - 기타,승용,여,23세,상해없음,보행자,남,21세,중상
2018100900100085,2018년 10월 9일 05시,화요일,대구광역시 중구 삼덕동1가,경상사고,0,0,1,0,차대사람 - 기타,안전운전불이행,포장 - 건조,맑음,단일로 - 기타,승용,남,29세,상해없음,보행자,남,22세,경상
2018100900100136,2018년 10월 9일 08시,화요일,대구광역시 서구 평리동,경상사고,0,0,1,0,차대사람 - 기타,안전운전불이행,포장 - 건조,맑음,단일로 - 기타,승용,여,42세,상해없음,보행자,남,37세,경상
2018100900100393,2018년 10월 9일 18시,화요일,대구광역시 동구 용수동,경상사고,0,0,2,0,차대사람 - 기타,안전운전불이행,포장 - 건조,맑음,교차로 - 교차로부근,승용,남,44세,상해없음,보행자,남,49세,경상
2018100900100394,2018년 10월 9일 18시,화요일,대구광역시 동구 신천동,경상사고,0,0,1,0,차대사람 - 기타,보행자보호의무위반,포장 - 건조,맑음,교차로 - 교차로안,승용,남,76세,상해없음,보행자,여,26세,경상
2018100900100425,2018년 10월 9일 19시,화요일,대구광역시 동구 신암동,중상사고,0,1,0,0,차대사람 - 횡단중,안전운전불이행,포장 - 건조,맑음,기타 - 기타,승용,남,42세,상해없음,보행자,여,63세,중상
2018100900100426,2018년 10월 9일 19시,화요일,대구광역시 수성구 황금동,중상사고,0,1,0,0,차대사람 - 차도통행중,안전운전불이행,포장 - 건조,맑음,단일로 - 기타,승용,여,48세,상해없음,보행자,여,74세,중상
2018100900100429,2018년 10월 9일 19시,화요일,대구광역시 서구 비산동,경상사고,0,0,1,0,차대사람 - 기타,안전운전불이행,포장 - 건조,맑음,단일로 - 기타,승용,남,36세,상해없음,보행자,여,54세,경상
2018100900100463,2018년 10월 9일 20시,화요일,대구광역시 남구 대명동,경상사고,0,0,1,0,차대사람 - 기타,교차로운행방법위반,포장 - 건조,맑음,교차로 - 교차로부근,승용,여,41세,상해없음,보행자,남,59세,경상
2018101000100155,2018년 10월 10일 10시,수요일,대구광역시 서구 비산동,경상사고,0,0,1,0,차대사람 - 차도통행중,안전운전불이행,포장 - 건조,맑음,단일로 - 기타,승합,남,67세,상해없음,보행자,여,28세,경상
2018101000100156,2018년 10월 10일 10시,수요일,대구광역시 달서구 용산동,중상사고,0,1,0,0,차대사람 - 기타,안전운전불이행,포장 - 건조,맑음,기타 - 기타,이륜,남,65세,상해없음,보행자,여,75세,중상
2018101000100348,2018년 10월 10일 16시,수요일,대구광역시 중구 종로1가,중상사고,0,1,0,0,차대사람 - 보도통행중,기타,포장 - 건조,맑음,단일로 - 기타,자전거,남,66세,상해없음,보행자,여,56세,중상
2018101000100528,2018년 10월 10일 21시,수요일,대구광역시 수성구 만촌동,경상사고,0,0,1,0,차대사람 - 횡단중,보행자보호의무위반,포장 - 건조,맑음,교차로 - 교차로횡단보도내,승용,남,53세,상해없음,보행자,남,41세,경상
2018101000100568,2018년 10월 10일 23시,수요일,대구광역시 달서구 성당동,경상사고,0,0,1,0,차대사람 - 차도통행중,안전운전불이행,포장 - 건조,맑음,단일로 - 기타,승용,남,49세,상해없음,보행자,남,56세,경상
2018101100100083,2018년 10월 11일 07시,목요일,대구광역시 달서구 송현동,중상사고,0,1,0,0,차대사람 - 기타,안전운전불이행,포장 - 건조,맑음,단일로 - 기타,승용,남,50세,상해없음,보행자,여,61세,중상
2018101100100184,2018년 10월 11일 10시,목요일,대구광역시 달서구 상인동,중상사고,0,1,0,0,차대사람 - 횡단중,안전운전불이행,포장 - 건조,맑음,단일로 - 기타,기타불명,기타불명,미분류,기타불명,보행자,여,86세,중상
2018101100100377,2018년 10월 11일 16시,목요일,대구광역시 수성구 매호동,중상사고,0,1,0,0,차대사람 - 횡단중,보행자보호의무위반,포장 - 건조,맑음,교차로 - 교차로횡단보도내,승용,여,47세,상해없음,보행자,남,53세,중상
2018101200100031,2018년 10월 12일 02시,금요일,대구광역시 서구 평리동,중상사고,0,1,0,0,차대사람 - 횡단중,신호위반,포장 - 건조,맑음,교차로 - 교차로안,승합,남,42세,상해없음,보행자,남,27세,중상
2018101200100038,2018년 10월 12일 04시,금요일,대구광역시 동구 동호동,중상사고,0,1,0,0,차대사람 - 기타,안전운전불이행,포장 - 건조,맑음,단일로 - 기타,승합,남,52세,상해없음,보행자,여,75세,중상
2018101200100136,2018년 10월 12일 08시,금요일,대구광역시 서구 내당동,중상사고,0,1,0,0,차대사람 - 횡단중,보행자보호의무위반,포장 - 건조,맑음,단일로 - 기타,승용,남,54세,상해없음,보행자,남,64세,중상
2018101200100138,2018년 10월 12일 08시,금요일,대구광역시 북구 태전동,경상사고,0,0,1,0,차대사람 - 보도통행중,안전운전불이행,포장 - 건조,맑음,단일로 - 기타,기타불명,기타불명,미분류,기타불명,보행자,남,20세,경상
2018101200100176,2018년 10월 12일 09시,금요일,대구광역시 달서구 용산동,경상사고,0,0,1,0,차대사람 - 횡단중,안전운전불이행,포장 - 건조,맑음,교차로 - 교차로부근,승용,여,35세,상해없음,보행자,남,81세,경상
2018101200100204,2018년 10월 12일 10시,금요일,대구광역시 남구 대명동,경상사고,0,0,1,0,차대사람 - 차도통행중,안전운전불이행,포장 - 건조,맑음,단일로 - 기타,승용,여,44세,상해없음,보행자,여,20세,경상
2018101200100432,2018년 10월 12일 16시,금요일,대구광역시 동구 신서동,경상사고,0,0,1,0,차대사람 - 기타,안전운전불이행,포장 - 건조,맑음,단일로 - 기타,승합,남,66세,상해없음,보행자,남,6세,경상
2018101200100433,2018년 10월 12일 16시,금요일,대구광역시 달서구 대곡동,중상사고,0,1,0,0,차대사람 - 횡단중,안전운전불이행,포장 - 건조,맑음,교차로 - 교차로안,승용,여,60세,상해없음,보행자,여,80세,중상
2018101200100490,2018년 10월 12일 17시,금요일,대구광역시 북구 구암동,중상사고,0,1,0,0,차대사람 - 횡단중,안전운전불이행,포장 - 건조,맑음,단일로 - 기타,화물,남,55세,상해없음,보행자,여,82세,중상
2018101200100539,2018년 10월 12일 18시,금요일,대구광역시 동구 불로동,경상사고,0,0,1,0,차대사람 - 길가장자리구역통행중,안전운전불이행,포장 - 건조,맑음,단일로 - 기타,화물,남,64세,상해없음,보행자,남,38세,경상
2018101200100598,2018년 10월 12일 19시,금요일,대구광역시 남구 봉덕동,중상사고,0,1,0,0,차대사람 - 횡단중,신호위반,포장 - 건조,맑음,단일로 - 기타,이륜,남,26세,상해없음,보행자,남,54세,중상
2018101200100600,2018년 10월 12일 19시,금요일,대구광역시 동구 신천동,부상신고사고,0,0,0,1,차대사람 - 차도통행중,안전운전불이행,포장 - 건조,맑음,단일로 - 기타,승용,남,26세,상해없음,보행자,남,26세,부상신고
2018101200100602,2018년 10월 12일 19시,금요일,대구광역시 수성구 상동,경상사고,0,0,1,0,차대사람 - 횡단중,안전운전불이행,포장 - 건조,맑음,단일로 - 기타,승용,남,24세,상해없음,보행자,남,53세,경상