사고번호,사고일시,요일,시군구,사고내용,사망자수,중상자수,경상자수,부상신고자수,사고유형,법규위반,노면상태,기상상태,도로형태,가해운전자 차종,가해운전자 성별,가해운전자 연령,가해운전자 상해정도,피해운전자 차종,피해운전자 성별,피해운전자 연령,피해운전자 상해정도
2018112800100400,2018년 11월 28일 16시,수요일,대구광역시 북구 침산동,중상사고,0,1,0,0,차대사람 - 횡단중,안전운전불이행,포장 - 건조,맑음,교차로 - 교차로안,승용,남,77세,상해없음,보행자,남,14세,중상
2018112800100402,2018년 11월 28일 16시,수요일,대구광역시 북구 학정동,중상사고,0,1,0,0,차대사람 - 기타,안전운전불이행,포장 - 건조,맑음,단일로 - 기타,승용,여,33세,상해없음,보행자,여,84세,중상
2018112800100434,2018년 11월 28일 17시,수요일,대구광역시 수성구 두산동,경상사고,0,0,1,0,차대사람 - 보도통행중,중앙선침범,포장 - 건조,맑음,단일로 - 기타,이륜,남,27세,상해없음,보행자,여,61세,경상
2018112800100436,2018년 11월 28일 17시,수요일,대구광역시 수성구 만촌동,경상사고,0,0,1,0,차대사람 - 기타,안전운전불이행,포장 - 건조,맑음,단일로 - 기타,개인형이동수단(PM),여,82세,상해없음,보행자,여,71세,경상
2018112800100532,2018년 11월 28일 19시,수요일,대구광역시 달서구 진천동,경상사고,0,0,1,0,차대사람 - 기타,안전운전불이행,포장 - 건조,맑음,단일로 - 기타,승용,남,54세,상해없음,보행자,여,23세,경상
2018112800100533,2018년 11월 28일 19시,수요일,대구광역시 달서구 두류동,중상사고,0,1,0,0,차대사람 - 보도통행중,보행자보호의무위반,포장 - 건조,기타,단일로 - 기타,승합,남,69세,상해없음,보행자,남,64세,중상
2018112800100594,2018년 11월 28일 21시,수요일,대구광역시 동구 효목동,중상사고,0,1,0,0,차대사람 - 보도통행중,신호위반,포장 - 건조,맑음,교차로 - 교차로안,승용,남,39세,상해없음,보행자,여,50세,중상
2018112800100597,2018년 11월 28일 21시,수요일,대구광역시 수성구 만촌동,중상사고,0,1,0,0,차대사람 - 기타,안전운전불이행,포장 - 건조,맑음,단일로 - 기타,승용,남,46세,상해없음,보행자,여,51세,중상
2018112900100115,2018년 11월 29일 08시,목요일,대구광역시 수성구 만촌동,경상사고,0,0,1,0,차대사람 - 기타,안전운전불이행,포장 - 건조,맑음,단일로 - 기타,승용,여,47세,상해없음,보행자,여,17세,경상
2018112900100308,2018년 11월 29일 15시,목요일,대구광역시 북구 읍내동,중상사고,0,1,0,0,차대사람 - 보도통행중,기타,포장 - 건조,흐림,기타 - 기타,화물,남,23세,상해없음,보행자,남,76세,중상
2018112900100343,2018년 11월 29일 16시,목요일,대구광역시 달서구 송현동,경상사고,0,0,2,0,차대사람 - 차도통행중,안전운전불이행,포장 - 건조,맑음,단일로 - 기타,승용,남,26세,상해없음,보행자,여,39세,경상
2018112900100438,2018년 11월 29일 18시,목요일,대구광역시 서구 내당동,중상사고,0,1,0,0,차대사람 - 기타,안전운전불이행,포장 - 건조,맑음,교차로 - 교차로안,승용,남,32세,상해없음,보행자,남,63세,중상
2018112900100528,2018년 11월 29일 21시,목요일,대구광역시 중구 덕산동,중상사고,0,1,0,0,차대사람 - 기타,안전운전불이행,포장 - 건조,맑음,단일로 - 기타,승용,여,41세,상해없음,보행자,여,23세,중상
2018113000100234,2018년 11월 30일 11시,금요일,대구광역시 달서구 장기동,경상사고,0,0,1,0,차대사람 - 기타,안전운전불이행,포장 - 건조,맑음,단일로 - 기타,승용,남,43세,상해없음,보행자,남,54세,경상
2018113000100335,2018년 11월 30일 14시,금요일,대구광역시 수성구 범물동,경상사고,0,0,1,0,차대사람 - 횡단중,안전운전불이행,포장 - 건조,맑음,단일로 - 기타,승용,남,24세,상해없음,보행자,남,8세,경상
2018113000100536,2018년 11월 30일 18시,금요일,대구광역시 달서구 진천동,경상사고,0,0,1,0,차대사람 - 기타,안전운전불이행,포장 - 건조,맑음,단일로 - 기타,승용,여,30세,상해없음,보행자,남,59세,경상
2018113000100537,2018년 11월 30일 18시,금요일,대구광역시 서구 평리동,중상사고,0,1,0,0,차대사람 - 기타,안전운전불이행,포장 - 건조,맑음,단일로 - 기타,승용,남,62세,상해없음,보행자,여,51세,중상
2018113000100538,2018년 11월 30일 18시,금요일,대구광역시 서구 비산동,경상사고,0,0,1,0,차대사람 - 차도통행중,안전운전불이행,포장 - 건조,맑음,교차로 - 교차로안,화물,남,51세,상해없음,보행자,남,51세,경상
2018113000100663,2018년 11월 30일 21시,금요일,대구광역시 북구 대현동,중상사고,0,1,0,0,차대사람 - 횡단중,안전운전불이행,포장 - 건조,맑음,단일로 - 기타,화물,남,59세,상해없음,보행자,남,57세,중상
2018113000100729,2018년 11월 30일 23시,금요일,대구광역시 중구 삼덕동1가,경상사고,0,0,1,0,차대사람 - 횡단중,안전운전불이행,포장 - 건조,맑음,단일로 - 기타,승용,남,28세,상해없음,보행자,남,22세,경상
2018120100100033,2018년 12월 1일 01시,토요일,대구광역시 중구 대봉동,중상사고,0,1,0,0,차대사람 - 기타,안전운전불이행,포장 - 건조,맑음,단일로 - 기타,기타불명,기타불명,미분류,기타불명,보행자,남,61세,중상
2018120100100065,2018년 12월 1일 03시,토요일,대구광역시 수성구 황금동,경상사고,0,0,1,0,차대사람 - 길가장자리구역통행중,안전운전불이행,포장 - 건조,맑음,교차로 - 교차로부근,승용,남,37세,상해없음,보행자,남,39세,경상
2018120100100188,2018년 12월 1일 10시,토요일,대구광역시 수성구 황금동,중상사고,0,1,0,0,차대사람 - 기타,안전운전불이행,포장 - 건조,맑음,단일로 - 기타,이륜,남,53세,상해없음,보행자,남,76세,중상
2018120100100209,2018년 12월 1일 11시,토요일,대구광역시 수성구 신매동,중상사고,0,1,0,0,차대사람 - 기타,기타,포장 - 건조,맑음,기타 - 기타,승용,여,44세,상해없음,보행자,여,65세,중상
2018120100100211,2018년 12월 1일 11시,토요일,대구광역시 중구 남산동,중상사고,0,1,0,0,차대사람 - 차도통행중,안전운전불이행,포장 - 건조,맑음,교차로 - 교차로안,승용,여,50세,상해없음,보행자,여,87세,중상
2018120100100325,2018년 12월 1일 14시,토요일,대구광역시 달서구 본동,중상사고,0,1,0,0,차대사람 - 기타,안전운전불이행,포장 - 건조,흐림,기타 - 기타,승용,남,61세,상해없음,보행자,남,55세,중상
2018120100100326,2018년 12월 1일 14시,토요일,대구광역시 서구 평리동,중상사고,0,1,0,0,차대사람 - 기타,기타,포장 - 건조,맑음,단일로 - 기타,승합,남,47세,상해없음,보행자,여,16세,중상
2018120100100367,2018년 12월 1일 15시,토요일,대구광역시 동구 신암동,중상사고,0,1,0,0,차대사람 - 차도통행중,안전운전불이행,포장 - 건조,맑음,단일로 - 기타,화물,남,52세,기타불명,보행자,여,73세,중상
2018120100100481,2018년 12월 1일 18시,토요일,대구광역시 북구 산격동,경상사고,0,0,2,0,차대사람 - 횡단중,보행자보호의무위반,포장 - 건조,맑음,단일로 - 기타,승용,남,28세,상해없음,보행자,남,28세,경상
2018120100100616,2018년 12월 1일 23시,토요일,대구광역시 중구 삼덕동1가,중상사고,0,1,0,0,차대사람 - 기타,안전운전불이행,포장 - 건조,맑음,교차로 - 교차로안,승용,남,22세,상해없음,보행자,여,68세,중상
2018120200100037,2018년 12월 2일 02시,일요일,대구광역시 중구 삼덕동1가,경상사고,0,0,1,0,차대사람 - 길가장자리구역통행중,안전운전불이행,포장 - 건조,맑음,교차로 - 교차로안,승용,남,23세,상해없음,보행자,남,24세,상해없음
2018120200100224,2018년 12월 2일 14시,일요일,대구광역시 중구 공평동,경상사고,0,0,1,0,차대사람 - 횡단중,안전운전불이행,포장 - 건조,맑음,단일로 - 기타,승용,남,54세,상해없음,보행자,여,9세,경상
2018120200100253,2018년 12월 2일 15시,일요일,대구광역시 달서구 진천동,경상사고,0,0,1,0,차대사람 - 차도통행중,안전운전불이행,포장 - 건조,맑음,교차로 - 교차로안,승용,남,65세,상해없음,보행자,여,35세,경상
2018120200100340,2018년 12월 2일 18시,일요일,대구광역시 수성구 범어동,중상사고,0,1,0,0,차대사람 - 차도통행중,안전운전불이행,포장 - 건조,맑음,교차로 - 교차로안,승용,여,72세,상해없음,보행자,여,70세,중상
2018120200100341,2018년 12월 2일 18시,일요일,대구광역시 달서구 상인동,부상신고사고,0,0,0,1,차대사람 - 기타,기타,포장 - 건조,맑음,단일로 - 기타,자전거,여,55세,부상신고,보행자,남,48세,상해없음
2018120200100381,2018년 12월 2일 19시,일요일,대구광역시 수성구 황금동,중상사고,0,1,0,0,차대사람 - 횡단중,보행자보호의무위반,포장 - 건조,맑음,교차로 - 교차로부근,승용,남,43세,상해없음,보행자,여,54세,중상
2018120200100425,2018년 12월 2일 21시,일요일,대구광역시 동구 효목동,중상사고,0,1,0,0,차대사람 - 차도통행중,안전운전불이행,포장 - 건조,맑음,교차로 - 교차로부근,승용,남,61세,상해없음,보행자,남,57세,중상
2018120200100426,2018년 12월 2일 21시,일요일,대구광역시 달서구 상인동,경상사고,0,0,1,0,차대사람 - 횡단중,신호위반,포장 - 건조,맑음,단일로 - 기타,이륜,남,35세,상해없음,보행자,여,29세,경상
2018120300100093,2018년 12월 3일 07시,월요일,대구광역시 서구 비산동,중상사고,0,1,0,0,차대사람 - 기타,안전운전불이행,포장 - 젖음/습기,비,주차장 - 주차장,승용,여,52세,상해없음,보행자,여,32세,중상
2018120300100168,2018년 12월 3일 09시,월요일,대구광역시 수성구 중동,경상사고,0,0,1,0,차대사람 - 횡단중,안전운전불이행,포장 - 건조,맑음,교차로 - 교차로횡단보도내,승용,여,49세,상해없음,보행자,여,70세,경상
2018120300100205,2018년 12월 3일 10시,월요일,대구광역시 동구 동호동,경상사고,0,0,1,0,차대사람 - 보도통행중,기타,포장 - 건조,맑음,기타 - 기타,승용,여,66세,상해없음,보행자,여,73세,경상
2018120300100263,2018년 12월 3일 12시,월요일,대구광역시 달서구 두류동,중상사고,0,1,0,0,차대사람 - 기타,기타,포장 - 건조,맑음,단일로 - 기타,승용,여,44세,상해없음,보행자,여,58세,중상
2018120300100291,2018년 12월 3일 13시,월요일,대구광역시 달서구 장기동,부상신고사고,0,0,0,1,차대사람 - 기타,안전운전불이행,포장 - 젖음/습기,맑음,교차로 - 교차로부근,승용,남,18세,상해없음,보행자,여,19세,부상신고
2018120300100452,2018년 12월 3일 17시,월요일,대구광역시 북구 산격동,경상사고,0,0,1,0,차대사람 - 횡단중,보행자보호의무위반,포장 - 건조,맑음,단일로 - 기타,승용,남,35세,상해없음,보행자,여,30세,경상
2018120300100595,2018년 12월 3일 20시,월요일,대구광역시 수성구 범물동,중상사고,0,1,0,0,차대사람 - 횡단중,보행자보호의무위반,포장 - 건조,맑음,교차로 - 교차로횡단보도내,승용,여,44세,상해없음,보행자,여,28세,중상
2018120300100621,2018년 12월 3일 21시,월요일,대구광역시 북구 복현동,경상사고,0,0,1,0,차대사람 - 기타,보행자보호의무위반,포장 - 젖음/습기,비,교차로 - 교차로부근,승용,남,61세,상해없음,보행자,여,14세,경상
2018120400100045,2018년 12월 4일 04시,화요일,대구광역시 북구 대현동,사망사고,1,0,0,0,차대사람 - 횡단중,안전거리미확보,포장 - 젖음/습기,비,교차로 - 교차로안,승합,남,63세,상해없음,보행자,남,70세,사망
2018120400100117,2018년 12월 4일 07시,화요일,대구광역시 북구 산격동,경상사고,0,0,1,0,차대사람 - 기타,중앙선침범,포장 - 젖음/습기,비,단일로 - 기타,승용,남,68세,상해없음,보행자,남,70세,경상
2018120400100118,2018년 12월 4일 07시,화요일,대구광역시 달서구 감삼동,경상사고,0,0,1,0,차대사람 - 횡단중,보행자보호의무위반,포장 - 젖음/습기,비,교차로 - 교차로횡단보도내,화물,남,47세,상해없음,보행자,여,17세,경상
2018120400100155,2018년 12월 4일 08시,화요일,대구광역시 남구 대명동,경상사고,0,0,1,0,차대사람 - 기타,안전운전불이행,포장 - 젖음/습기,비,교차로 - 교차로안,화물,남,64세,상해없음,보행자,여,44세,경상
2018120400100201,2018년 12월 4일 09시,화요일,대구광역시 북구 산격동,중상사고,0,1,0,0,차대사람 - 기타,안전운전불이행,포장 - 젖음/습기,비,단일로 - 기타,화물,남,31세,상해없음,보행자,남,55세,중상
2018120400100234,2018년 12월 4일 10시,화요일,대구광역시 수성구 지산동,경상사고,0,0,1,0,차대사람 - 기타,안전운전불이행,포장 - 건조,맑음,단일로 - 기타,승용,남,54세,상해없음,보행자,여,40세,경상
2018120400100256,2018년 12월 4일 11시,화요일,대구광역시 수성구 지산동,경상사고,0,0,1,0,차대사람 - 기타,안전운전불이행,포장 - 건조,맑음,단일로 - 기타,승용,여,50세,상해없음,보행자,여,18세,경상
2018120400100401,2018년 12월 4일 16시,화요일,대구광역시 북구 구암동,중상사고,0,1,0,0,차대사람 - 기타,안전운전불이행,포장 - 건조,맑음,단일로 - 기타,화물,남,48세,상해없음,보행자,여,59세,중상
2018120400100469,2018년 12월 4일 18시,화요일,대구광역시 동구 방촌동,경상사고,0,0,1,0,차대사람 - 차도통행중,안전운전불이행,포장 - 건조,맑음,단일로 - 기타,화물,남,52세,상해없음,보행자,남,64세,경상
2018120400100471,2018년 12월 4일 18시,화요일,대구광역시 달서구 신당동,경상사고,0,0,1,0,차대사람 - 횡단중,보행자보호의무위반,포장 - 건조,맑음,교차로 - 교차로부근,승용,여,21세,상해없음,보행자,남,31세,경상
2018120400100531,2018년 12월 4일 20시,화요일,대구광역시 북구 노원동3가,경상사고,0,0,1,0,차대사람 - 기타,안전운전불이행,포장 - 건조,맑음,단일로 - 기타,승용,남,38세,상해없음,보행자,남,38세,경상
2018120500100019,2018년 12월 5일 01시,수요일,대구광역시 북구 침산동,중상사고,0,1,0,0,차대사람 - 기타,보행자보호의무위반,포장 - 건조,맑음,단일로 - 기타,기타불명,기타불명,미분류,기타불명,보행자,남,34세,중상
2018120500100291,2018년 12월 5일 13시,수요일,대구광역시 동구 신암동,중상사고,0,1,0,0,차대사람 - 횡단중,신호위반,포장 - 건조,맑음,단일로 - 기타,승용,여,27세,상해없음,보행자,여,63세,중상
2018120500100315,2018년 12월 5일 14시,수요일,대구광역시 남구 봉덕동,경상사고,0,0,1,0,차대사람 - 횡단중,보행자보호의무위반,포장 - 건조,맑음,교차로 - 교차로횡단보도내,이륜,남,52세,상해없음,보행자,여,69세,경상
2018120500100343,2018년 12월 5일 15시,수요일,대구광역시 수성구 범어동,중상사고,0,1,0,0,차대사람 - 횡단중,보행자보호의무위반,포장 - 건조,맑음,단일로 - 기타,화물,남,54세,상해없음,보행자,여,77세,중상
2018120500100376,2018년 12월 5일 16시,수요일,대구광역시 동구 신암동,경상사고,0,0,1,0,차대사람 - 횡단중,안전운전불이행,포장 - 건조,맑음,교차로 - 교차로안,승합,여,52세,상해없음,보행자,여,58세,경상
2018120500100377,2018년 12월 5일 16시,수요일,대구광역시 중구 봉산동,경상사고,0,0,1,0,차대사람 - 길가장자리구역통행중,안전운전불이행,포장 - 건조,맑음,단일로 - 기타,승용,남,57세,상해없음,보행자,여,19세,경상
2018120500100421,2018년 12월 5일 17시,수요일,대구광역시 달서구 상인동,경상사고,0,0,1,0,차대사람 - 횡단중,보행자보호의무위반,포장 - 건조,맑음,단일로 - 기타,승합,여,60세,상해없음,보행자,여,47세,경상
2018120600100080,2018년 12월 6일 06시,목요일,대구광역시 남구 봉덕동,경상사고,0,0,1,0,차대사람 - 횡단중,안전운전불이행,포장 - 젖음/습기,비,기타 - 기타,기타불명,기타불명,미분류,기타불명,보행자,남,56세,경상
2018120600100140,2018년 12월 6일 08시,목요일,대구광역시 북구 태전동,중상사고,0,1,1,0,차대사람 - 기타,보행자보호의무위반,포장 - 건조,맑음,단일로 - 기타,승용,남,63세,상해없음,보행자,여,30세,경상
2018120600100240,2018년 12월 6일 11시,목요일,대구광역시 동구 신천동,경상사고,0,0,1,0,차대사람 - 기타,안전운전불이행,포장 - 건조,맑음,교차로 - 교차로안,승용,여,51세,상해없음,보행자,여,71세,경상
2018120600100440,2018년 12월 6일 17시,목요일,대구광역시 동구 효목동,경상사고,0,0,1,0,차대사람 - 기타,신호위반,포장 - 건조,맑음,교차로 - 교차로안,승용,남,69세,상해없음,보행자,남,11세,경상
2018120600100501,2018년 12월 6일 18시,목요일,대구광역시 동구 율하동,중상사고,0,1,0,0,차대사람 - 기타,안전운전불이행,포장 - 건조,맑음,단일로 - 기타,승용,여,32세,상해없음,보행자,여,61세,중상
2018120600100558,2018년 12월 6일 19시,목요일,대구광역시 달서구 상인동,중상사고,0,1,0,0,차대사람 - 횡단중,보행자보호의무위반,포장 - 건조,흐림,교차로 - 교차로횡단보도내,승합,남,56세,상해없음,보행자,여,56세,중상
2018120600100626,2018년 12월 6일 22시,목요일,대구광역시 북구 칠성동2가,사망사고,1,0,0,0,차대사람 - 횡단중,과속,포장 - 건조,맑음,단일로 - 기타,승용,남,50세,상해없음,보행자,남,63세,사망
2018120700100079,2018년 12월 7일 06시,금요일,대구광역시 달서구 진천동,경상사고,0,0,2,0,차대사람 - 횡단중,신호위반,포장 - 건조,맑음,교차로 - 교차로횡단보도내,승용,남,68세,상해없음,보행자,여,22세,경상
2018120700100290,2018년 12월 7일 12시,금요일,대구광역시 북구 산격동,경상사고,0,0,1,0,차대사람 - 기타,보행자보호의무위반,포장 - 건조,맑음,단일로 - 기타,승용,남,61세,상해없음,보행자,남,57세,경상
2018120700100430,2018년 12월 7일 16시,금요일,대구광역시 수성구 신매동,경상사고,0,0,1,0,차대사람 - 횡단중,보행자보호의무위반,포장 - 건조,맑음,단일로 - 기타,승용,남,30세,상해없음,보행자,남,57세,경상
2018120700100608,2018년 12월 7일 20시,금요일,대구광역시 북구 노원동3가,부상신고사고,0,0,0,1,차대사람 - 기타,안전운전불이행,포장 - 건조,맑음,교차로 - 교차로횡단보도내,승용,남,39세,상해없음,보행자,남,59세,부상신고
2018120700100611,2018년 12월 7일 20시,금요일,대구광역시 달서구 감삼동,중상사고,0,1,0,0,차대사람 - 횡단중,안전운전불이행,포장 - 건조,기타,단일로 - 기타,승용,남,38세,상해없음,보행자,여,66세,중상
2018120700100686,2018년 12월 7일 22시,금요일,대구광역시 달서구 호산동,중상사고,0,1,0,0,차대사람 - 차도통행중,안전운전불이행,포장 - 건조,맑음,기타 - 기타,승합,남,50세,상해없음,보행자,남,48세,중상
2018120800100299,2018년 12월 8일 14시,토요일,대구광역시 중구 태평로2가,경상사고,0,0,1,0,차대사람 - 횡단중,안전운전불이행,포장 - 건조,맑음,단일로 - 기타,승용,여,60세,상해없음,보행자,남,70세,경상
2018120800100596,2018년 12월 8일 22시,토요일,대구광역시 동구 효목동,경상사고,0,0,1,0,차대사람 - 차도통행중,안전운전불이행,포장 - 건조,맑음,기타 - 기타,승용,남,57세,상해없음,보행자,남,50세,경상
2018120900100013,2018년 12월 9일 00시,일요일,대구광역시 달서구 죽전동,중상사고,0,1,0,0,차대사람 - 횡단중,신호위반,포장 - 건조,맑음,단일로 - 기타,이륜,남,36세,상해없음,보행자,여,48세,중상
2018120900100049,2018년 12월 9일 04시,일요일,대구광역시 달서구 감삼동,중상사고,0,1,0,1,차대사람 - 횡단중,안전운전불이행,포장 - 건조,맑음,단일로 - 기타,승용,남,26세,상해없음,보행자,남,28세,중상
2018120900100151,2018년 12월 9일 13시,일요일,대구광역시 동구 신천동,경상사고,0,0,1,0,차대사람 - 횡단중,보행자보호의무위반,포장 - 건조,맑음,교차로 - 교차로횡단보도내,승용,남,60세,상해없음,보행자,여,20세,경상
2018120900100185,2018년 12월 9일 14시,일요일,대구광역시 달서구 이곡동,중상사고,0,1,0,0,차대사람 - 보도통행중,기타,포장 - 건조,맑음,단일로 - 기타,이륜,남,65세,상해없음,보행자,여,54세,중상
2018120900100293,2018년 12월 9일 18시,일요일,대구광역시 동구 신천동,경상사고,0,0,1,0,차대사람 - 횡단중,보행자보호의무위반,포장 - 건조,맑음,교차로 - 교차로횡단보도내,화물,남,48세,상해없음,보행자,남,58세,경상
2018120900100295,2018년 12월 9일 18시,일요일,대구광역시 북구 침산동,중상사고,0,1,0,0,차대사람 - 기타,신호위반,포장 - 건조,맑음,단일로 - 기타,승용,남,48세,상해없음,보행자,남,21세,중상
2018120900100335,2018년 12월 9일 19시,일요일,대구광역시 달성군 다사읍,중상사고,0,1,0,0,차대사람 - 기타,안전운전불이행,포장 - 건조,맑음,교차로 - 교차로부근,승용,여,40세,상해없음,보행자,여,72세,중상
2018120900100336,2018년 12월 9일 19시,일요일,대구광역시 북구 태전동,경상사고,0,0,1,0,차대사람 - 차도통행중,안전운전불이행,포장 - 건조,맑음,단일로 - 기타,이륜,남,18세,상해없음,보행자,남,47세,경상
2018120900100354,2018년 12월 9일 20시,일요일,대구광역시 서구 비산동,부상신고사고,0,0,0,1,차대사람 - 길가장자리구역통행중,안전운전불이행,포장 - 건조,맑음,단일로 - 기타,기타불명,기타불명,미분류,기타불명,보행자,남,48세,부상신고
2018121000100025,2018년 12월 10일 05시,월요일,대구광역시 북구 동천동,경상사고,0,0,1,0,차대사람 - 횡단중,안전운전불이행,포장 - 건조,맑음,교차로 - 교차로부근,승용,남,42세,상해없음,보행자,여,69세,경상
2018121000100098,2018년 12월 10일 08시,월요일,대구광역시 북구 읍내동,경상사고,0,0,1,0,차대사람 - 기타,안전운전불이행,포장 - 건조,맑음,단일로 - 기타,기타불명,기타불명,미분류,기타불명,보행자,남,12세,경상
2018121000100235,2018년 12월 10일 12시,월요일,대구광역시 수성구 수성동1가,중상사고,0,1,0,0,차대사람 - 횡단중,신호위반,포장 - 건조,맑음,교차로 - 교차로횡단보도내,승합,남,57세,상해없음,보행자,여,71세,중상
2018121000100236,2018년 12월 10일 12시,월요일,대구광역시 북구 태전동,경상사고,0,0,1,0,차대사람 - 기타,안전운전불이행,포장 - 건조,맑음,교차로 - 교차로안,승용,여,46세,상해없음,보행자,남,51세,경상
2018121000100339,2018년 12월 10일 15시,월요일,대구광역시 동구 신기동,중상사고,0,1,0,0,차대사람 - 횡단중,안전운전불이행,포장 - 건조,맑음,교차로 - 교차로안,승용,남,65세,상해없음,보행자,여,70세,중상
2018121000100372,2018년 12월 10일 16시,월요일,대구광역시 수성구 사월동,경상사고,0,0,1,0,차대사람 - 기타,안전운전불이행,포장 - 건조,맑음,단일로 - 기타,승합,남,68세,상해없음,보행자,여,22세,경상
2018121000100373,2018년 12월 10일 16시,월요일,대구광역시 수성구 만촌동,경상사고,0,0,1,0,차대사람 - 횡단중,안전운전불이행,포장 - 건조,맑음,교차로 - 교차로부근,승용,남,65세,상해없음,보행자,남,30세,경상
2018121000100374,2018년 12월 10일 16시,월요일,대구광역시 달서구 죽전동,중상사고,0,1,0,0,차대사람 - 보도통행중,기타,포장 - 건조,맑음,기타 - 기타,이륜,여,54세,상해없음,보행자,여,52세,중상
2018121000100375,2018년 12월 10일 16시,월요일,대구광역시 북구 태전동,경상사고,0,0,1,0,차대사람 - 기타,보행자보호의무위반,포장 - 건조,맑음,교차로 - 교차로횡단보도내,승용,남,55세,상해없음,보행자,남,19세,경상
2018121000100415,2018년 12월 10일 17시,월요일,대구광역시 북구 태전동,중상사고,0,1,0,0,차대사람 - 기타,안전운전불이행,포장 - 건조,맑음,단일로 - 기타,승용,남,76세,상해없음,보행자,여,20세,중상
2018121000100520,2018년 12월 10일 19시,월요일,대구광역시 북구 산격동,경상사고,0,0,1,0,차대사람 - 횡단중,보행자보호의무위반,포장 - 건조,맑음,교차로 - 교차로안,승용,남,63세,상해없음,보행자,여,36세,경상
2018121000100552,2018년 12월 10일 20시,월요일,대구광역시 동구 신천동,경상사고,0,0,1,0,차대사람 - 횡단중,안전운전불이행,포장 - 건조,맑음,교차로 - 교차로안,승용,남,65세,상해없음,보행자,남,41세,경상
2018121100100304,2018년 12월 11일 14시,화요일,대구광역시 달서구 월성동,중상사고,0,1,0,0,차대사람 - 횡단중,보행자보호의무위반,포장 - 젖음/습기,비,교차로 - 교차로부근,승용,남,37세,상해없음,보행자,남,72세,중상
2018121100100372,2018년 12월 11일 16시,화요일,대구광역시 동구 용계동,중상사고,0,1,0,0,차대사람 - 기타,기타,포장 - 젖음/습기,맑음,단일로 - 교량,승합,남,60세,상해없음,보행자,여,63세,중상
2018121100100374,2018년 12월 11일 16시,화요일,대구광역시 북구 노곡동,중상사고,0,1,1,0,차대사람 - 기타,안전운전불이행,포장 - 젖음/습기,흐림,단일로 - 기타,승용,남,24세,상해없음,보행자,남,64세,중상
2018121100100414,2018년 12월 11일 17시,화요일,대구광역시 남구 대명동,경상사고,0,0,1,0,차대사람 - 횡단중,신호위반,포장 - 건조,맑음,단일로 - 기타,승용,남,72세,상해없음,보행자,남,27세,경상
2018121100100478,2018년 12월 11일 18시,화요일,대구광역시 서구 평리동,경상사고,0,0,1,0,차대사람 - 횡단중,안전운전불이행,포장 - 젖음/습기,비,교차로 - 교차로부근,승용,남,61세,상해없음,보행자,남,9세,경상
2018121100100527,2018년 12월 11일 19시,화요일,대구광역시 달성군 현풍읍,중상사고,0,1,0,0,차대사람 - 횡단중,보행자보호의무위반,포장 - 젖음/습기,비,교차로 - 교차로횡단보도내,승용,남,33세,상해없음,보행자,남,4세,중상
2018121100100590,2018년 12월 11일 21시,화요일,대구광역시 달서구 상인동,경상사고,0,0,1,0,차대사람 - 횡단중,보행자보호의무위반,포장 - 젖음/습기,비,교차로 - 교차로횡단보도내,승용,남,47세,상해없음,보행자,남,51세,경상
2018121200100131,2018년 12월 12일 08시,수요일,대구광역시 동구 각산동,경상사고,0,0,1,0,차대사람 - 기타,안전운전불이행,포장 - 건조,맑음,단일로 - 기타,화물,남,61세,상해없음,보행자,남,14세,경상
2018121200100239,2018년 12월 12일 11시,수요일,대구광역시 남구 대명동,경상사고,0,0,1,0,차대사람 - 길가장자리구역통행중,안전운전불이행,포장 - 건조,맑음,단일로 - 기타,승용,여,54세,상해없음,보행자,여,59세,경상
2018121200100289,2018년 12월 12일 13시,수요일,대구광역시 남구 대명동,중상사고,0,1,0,0,차대사람 - 기타,안전운전불이행,포장 - 건조,맑음,기타 - 기타,승용,여,38세,상해없음,보행자,여,25세,중상
2018121200100320,2018년 12월 12일 14시,수요일,대구광역시 수성구 황금동,경상사고,0,0,1,0,차대사람 - 기타,안전운전불이행,포장 - 건조,맑음,단일로 - 기타,승용,여,21세,상해없음,보행자,여,22세,경상
2018121200100364,2018년 12월 12일 15시,수요일,대구광역시 남구 대명동,경상사고,0,0,1,0,차대사람 - 횡단중,안전운전불이행,포장 - 젖음/습기,눈,단일로 - 기타,승용,남,56세,상해없음,보행자,남,24세,경상
2018121200100365,2018년 12월 12일 15시,수요일,대구광역시 수성구 중동,중상사고,0,1,0,0,차대사람 - 기타,불법유턴,포장 - 건조,맑음,단일로 - 기타,승용,남,59세,상해없음,보행자,여,82세,중상
2018121200100406,2018년 12월 12일 16시,수요일,대구광역시 북구 태전동,중상사고,0,1,0,0,차대사람 - 기타,안전운전불이행,포장 - 건조,맑음,교차로 - 교차로안,승용,남,54세,상해없음,보행자,여,43세,중상
2018121200100437,2018년 12월 12일 17시,수요일,대구광역시 남구 대명동,중상사고,0,1,0,0,차대사람 - 횡단중,안전운전불이행,포장 - 건조,맑음,단일로 - 기타,승용,남,62세,상해없음,보행자,여,9세,중상
2018121200100485,2018년 12월 12일 18시,수요일,대구광역시 동구 입석동,경상사고,0,0,1,0,차대사람 - 횡단중,안전운전불이행,포장 - 건조,맑음,교차로 - 교차로횡단보도내,승용,남,51세,상해없음,보행자,여,72세,경상