사고번호,사고일시,요일,시군구,사고내용,사망자수,중상자수,경상자수,부상신고자수,사고유형,법규위반,노면상태,기상상태,도로형태,가해운전자 차종,가해운전자 성별,가해운전자 연령,가해운전자 상해정도,피해운전자 차종,피해운전자 성별,피해운전자 연령,피해운전자 상해정도
2019040600100076,2019년 4월 6일 02시,토요일,대구광역시 수성구 두산동,경상사고,0,0,1,0,차대사람 - 횡단중,안전운전불이행,포장 - 건조,맑음,단일로 - 기타,승용,남,64세,상해없음,보행자,여,25세,경상
2019040600100085,2019년 4월 6일 03시,토요일,대구광역시 북구 노원동2가,중상사고,0,1,0,0,차대사람 - 횡단중,안전운전불이행,포장 - 건조,맑음,단일로 - 기타,승용,남,70세,상해없음,보행자,남,48세,중상
2019040600100086,2019년 4월 6일 03시,토요일,대구광역시 달서구 두류동,경상사고,0,0,1,0,차대사람 - 기타,안전운전불이행,포장 - 건조,맑음,단일로 - 기타,승용,여,40세,상해없음,보행자,남,33세,경상
2019040600100275,2019년 4월 6일 12시,토요일,대구광역시 동구 지저동,경상사고,0,0,1,0,차대사람 - 기타,안전운전불이행,포장 - 건조,맑음,단일로 - 기타,승용,남,56세,상해없음,보행자,남,72세,경상
2019040600100278,2019년 4월 6일 12시,토요일,대구광역시 서구 원대동3가,중상사고,0,1,0,0,차대사람 - 기타,신호위반,포장 - 건조,맑음,단일로 - 기타,이륜,남,15세,상해없음,보행자,여,57세,중상
2019040600100397,2019년 4월 6일 15시,토요일,대구광역시 달서구 월성동,중상사고,0,1,0,0,차대사람 - 기타,안전운전불이행,포장 - 건조,맑음,단일로 - 기타,자전거,남,11세,상해없음,보행자,여,57세,중상
2019040600100400,2019년 4월 6일 15시,토요일,대구광역시 서구 비산동,중상사고,0,1,0,0,차대사람 - 기타,안전운전불이행,포장 - 건조,맑음,교차로 - 교차로안,원동기,남,70세,상해없음,보행자,여,61세,중상
2019040600100401,2019년 4월 6일 15시,토요일,대구광역시 중구 동성로2가,경상사고,0,0,1,0,차대사람 - 기타,안전운전불이행,포장 - 건조,맑음,단일로 - 기타,승용,여,38세,상해없음,보행자,여,18세,경상
2019040600100435,2019년 4월 6일 16시,토요일,대구광역시 남구 대명동,경상사고,0,0,1,0,차대사람 - 기타,안전운전불이행,포장 - 건조,맑음,기타 - 기타,승용,남,22세,상해없음,보행자,남,37세,경상
2019040700100064,2019년 4월 7일 02시,일요일,대구광역시 달서구 송현동,경상사고,0,0,1,0,차대사람 - 길가장자리구역통행중,안전운전불이행,포장 - 건조,맑음,단일로 - 기타,승용,남,52세,상해없음,보행자,남,50세,경상
2019040700100075,2019년 4월 7일 03시,일요일,대구광역시 중구 삼덕동1가,경상사고,0,0,1,0,차대사람 - 기타,안전운전불이행,포장 - 건조,맑음,단일로 - 기타,승용,남,21세,상해없음,보행자,남,24세,경상
2019040700100102,2019년 4월 7일 06시,일요일,대구광역시 달서구 장기동,중상사고,0,1,0,0,차대사람 - 기타,신호위반,포장 - 건조,맑음,단일로 - 기타,승용,남,51세,상해없음,보행자,여,74세,중상
2019040700100135,2019년 4월 7일 09시,일요일,대구광역시 중구 달성동,중상사고,0,1,0,0,차대사람 - 길가장자리구역통행중,안전운전불이행,포장 - 건조,맑음,단일로 - 기타,화물,남,52세,상해없음,보행자,남,74세,중상
2019040700100136,2019년 4월 7일 09시,일요일,대구광역시 북구 태전동,경상사고,0,0,1,0,차대사람 - 기타,기타,포장 - 건조,맑음,단일로 - 기타,승용,여,54세,상해없음,보행자,여,50세,경상
2019040700100490,2019년 4월 7일 21시,일요일,대구광역시 동구 신기동,경상사고,0,0,1,0,차대사람 - 횡단중,보행자보호의무위반,포장 - 건조,맑음,교차로 - 교차로횡단보도내,승용,남,46세,상해없음,보행자,여,48세,경상
2019040800100051,2019년 4월 8일 03시,월요일,대구광역시 서구 비산동,사망사고,1,0,0,0,차대사람 - 횡단중,안전운전불이행,포장 - 건조,맑음,교차로 - 교차로횡단보도내,화물,남,69세,상해없음,보행자,여,58세,사망
2019040800100162,2019년 4월 8일 08시,월요일,대구광역시 서구 평리동,중상사고,0,1,0,0,차대사람 - 길가장자리구역통행중,안전운전불이행,포장 - 건조,맑음,교차로 - 교차로부근,승용,남,44세,상해없음,보행자,여,81세,중상
2019040800100239,2019년 4월 8일 10시,월요일,대구광역시 동구 사복동,경상사고,0,0,1,0,차대사람 - 기타,안전운전불이행,포장 - 건조,맑음,교차로 - 교차로부근,승용,남,25세,상해없음,보행자,여,55세,경상
2019040800100300,2019년 4월 8일 12시,월요일,대구광역시 중구 동인동2가,경상사고,0,0,1,0,차대사람 - 횡단중,보행자보호의무위반,포장 - 건조,맑음,교차로 - 교차로안,승용,남,41세,상해없음,보행자,남,54세,경상
2019040800100331,2019년 4월 8일 13시,월요일,대구광역시 달서구 진천동,중상사고,0,1,0,0,차대사람 - 기타,안전운전불이행,포장 - 건조,맑음,교차로 - 교차로횡단보도내,승용,여,54세,상해없음,보행자,남,49세,중상
2019040900100030,2019년 4월 9일 00시,화요일,대구광역시 달서구 송현동,부상신고사고,0,0,0,1,차대사람 - 기타,안전운전불이행,포장 - 건조,맑음,교차로 - 교차로부근,기타불명,기타불명,미분류,기타불명,보행자,남,41세,부상신고
2019040900100064,2019년 4월 9일 03시,화요일,대구광역시 달서구 진천동,경상사고,0,0,1,0,차대사람 - 기타,안전운전불이행,포장 - 건조,맑음,주차장 - 주차장,승용,남,42세,상해없음,보행자,남,65세,경상
2019040900100222,2019년 4월 9일 11시,화요일,대구광역시 달서구 용산동,경상사고,0,0,1,0,차대사람 - 기타,안전운전불이행,포장 - 건조,맑음,단일로 - 기타,승용,여,26세,상해없음,보행자,남,62세,경상
2019040900100252,2019년 4월 9일 12시,화요일,대구광역시 동구 서호동,경상사고,0,0,1,1,차대사람 - 차도통행중,안전운전불이행,포장 - 건조,맑음,교차로 - 교차로부근,이륜,남,22세,부상신고,보행자,여,77세,경상
2019040900100305,2019년 4월 9일 14시,화요일,대구광역시 달서구 용산동,경상사고,0,0,1,0,차대사람 - 보도통행중,기타,포장 - 건조,맑음,단일로 - 기타,승합,남,57세,상해없음,보행자,남,35세,경상
2019040900100306,2019년 4월 9일 14시,화요일,대구광역시 북구 읍내동,경상사고,0,0,1,0,차대사람 - 기타,안전운전불이행,포장 - 건조,맑음,단일로 - 기타,기타불명,남,미분류,기타불명,보행자,여,7세,경상
2019040900100404,2019년 4월 9일 17시,화요일,대구광역시 남구 대명동,경상사고,0,0,1,0,차대사람 - 길가장자리구역통행중,안전운전불이행,포장 - 젖음/습기,맑음,단일로 - 지하차도(도로)내,승용,남,59세,상해없음,보행자,여,45세,경상
2019040900100406,2019년 4월 9일 17시,화요일,대구광역시 북구 복현동,중상사고,0,1,0,0,차대사람 - 기타,안전운전불이행,포장 - 건조,맑음,단일로 - 기타,화물,남,43세,상해없음,보행자,여,55세,중상
2019040900100453,2019년 4월 9일 18시,화요일,대구광역시 달서구 월성동,경상사고,0,0,1,0,차대사람 - 횡단중,보행자보호의무위반,포장 - 젖음/습기,비,교차로 - 교차로안,승용,여,58세,상해없음,보행자,남,11세,경상
2019040900100455,2019년 4월 9일 18시,화요일,대구광역시 달성군 다사읍,경상사고,0,0,1,0,차대사람 - 횡단중,보행자보호의무위반,포장 - 젖음/습기,비,교차로 - 교차로안,승용,남,25세,상해없음,보행자,여,10세,경상
2019040900100571,2019년 4월 9일 20시,화요일,대구광역시 동구 율하동,경상사고,0,0,1,0,차대사람 - 횡단중,신호위반,포장 - 젖음/습기,비,교차로 - 교차로횡단보도내,승용,남,47세,상해없음,보행자,여,80세,경상
2019040900100574,2019년 4월 9일 20시,화요일,대구광역시 달서구 도원동,경상사고,0,0,1,0,차대사람 - 횡단중,보행자보호의무위반,포장 - 젖음/습기,비,교차로 - 교차로횡단보도내,승용,여,55세,상해없음,보행자,여,65세,경상
2019040900100688,2019년 4월 9일 22시,화요일,대구광역시 남구 봉덕동,부상신고사고,0,0,0,1,차대사람 - 횡단중,안전운전불이행,포장 - 젖음/습기,비,단일로 - 기타,기타불명,기타불명,미분류,기타불명,보행자,남,56세,부상신고
2019041000100157,2019년 4월 10일 08시,수요일,대구광역시 북구 침산동,중상사고,0,2,0,0,차대사람 - 보도통행중,보행자보호의무위반,포장 - 건조,맑음,교차로 - 교차로횡단보도내,건설기계,남,70세,상해없음,보행자,여,38세,중상
2019041000100190,2019년 4월 10일 09시,수요일,대구광역시 수성구 지산동,경상사고,0,0,1,0,차대사람 - 기타,안전운전불이행,포장 - 젖음/습기,비,주차장 - 주차장,승용,남,43세,상해없음,보행자,여,43세,경상
2019041000100192,2019년 4월 10일 09시,수요일,대구광역시 달서구 성당동,중상사고,0,1,0,0,차대사람 - 차도통행중,안전운전불이행,포장 - 건조,맑음,단일로 - 기타,승용,여,24세,상해없음,보행자,여,77세,중상
2019041000100225,2019년 4월 10일 10시,수요일,대구광역시 수성구 범어동,경상사고,0,0,1,0,차대사람 - 기타,보행자보호의무위반,포장 - 건조,맑음,기타 - 기타,승용,여,42세,상해없음,보행자,여,37세,경상
2019041000100451,2019년 4월 10일 17시,수요일,대구광역시 달성군 화원읍,중상사고,0,1,0,0,차대사람 - 기타,안전운전불이행,포장 - 건조,맑음,교차로 - 교차로안,승용,남,31세,상해없음,보행자,여,13세,중상
2019041000100453,2019년 4월 10일 17시,수요일,대구광역시 서구 내당동,경상사고,0,0,1,0,차대사람 - 차도통행중,안전운전불이행,포장 - 건조,맑음,단일로 - 기타,승용,남,71세,상해없음,보행자,여,40세,경상
2019041000100564,2019년 4월 10일 20시,수요일,대구광역시 달서구 본리동,경상사고,0,0,1,0,차대사람 - 차도통행중,안전운전불이행,포장 - 건조,흐림,교차로 - 교차로부근,승용,여,45세,상해없음,보행자,여,68세,경상
2019041100100275,2019년 4월 11일 12시,목요일,대구광역시 달서구 용산동,중상사고,0,1,0,0,차대사람 - 보도통행중,기타,포장 - 건조,맑음,기타 - 기타,승용,남,53세,상해없음,보행자,남,68세,중상
2019041100100303,2019년 4월 11일 13시,목요일,대구광역시 동구 지묘동,부상신고사고,0,0,0,1,차대사람 - 기타,안전운전불이행,포장 - 건조,맑음,단일로 - 기타,기타불명,기타불명,미분류,기타불명,보행자,여,7세,부상신고
2019041100100304,2019년 4월 11일 13시,목요일,대구광역시 서구 평리동,경상사고,0,0,3,0,차대사람 - 보도통행중,기타,포장 - 건조,맑음,교차로 - 교차로부근,승용,여,26세,상해없음,보행자,남,45세,경상
2019041100100331,2019년 4월 11일 14시,목요일,대구광역시 수성구 사월동,경상사고,0,0,1,0,차대사람 - 길가장자리구역통행중,안전운전불이행,포장 - 건조,맑음,단일로 - 기타,승용,여,51세,상해없음,보행자,여,45세,경상
2019041100100452,2019년 4월 11일 18시,목요일,대구광역시 북구 학정동,경상사고,0,0,1,0,차대사람 - 기타,안전운전불이행,포장 - 건조,맑음,단일로 - 기타,승용,남,71세,상해없음,보행자,여,7세,경상
2019041100100577,2019년 4월 11일 22시,목요일,대구광역시 달서구 상인동,경상사고,0,0,1,0,차대사람 - 기타,안전운전불이행,포장 - 건조,맑음,단일로 - 기타,승용,여,25세,상해없음,보행자,남,22세,경상
2019041200100146,2019년 4월 12일 08시,금요일,대구광역시 달서구 용산동,경상사고,0,0,1,0,차대사람 - 횡단중,신호위반,포장 - 건조,맑음,교차로 - 교차로횡단보도내,승용,여,58세,상해없음,보행자,여,23세,경상
2019041200100253,2019년 4월 12일 11시,금요일,대구광역시 수성구 범어동,경상사고,0,0,1,0,차대사람 - 횡단중,보행자보호의무위반,포장 - 건조,맑음,단일로 - 기타,화물,남,61세,상해없음,보행자,여,42세,경상
2019041200100302,2019년 4월 12일 13시,금요일,대구광역시 북구 대현동,경상사고,0,0,1,0,차대사람 - 길가장자리구역통행중,신호위반,포장 - 건조,맑음,단일로 - 기타,승용,여,38세,상해없음,보행자,남,27세,경상
2019041200100407,2019년 4월 12일 16시,금요일,대구광역시 수성구 범어동,경상사고,0,0,1,0,차대사람 - 기타,안전운전불이행,포장 - 건조,맑음,단일로 - 기타,승용,남,59세,상해없음,보행자,남,48세,경상
2019041200100558,2019년 4월 12일 19시,금요일,대구광역시 북구 읍내동,부상신고사고,0,0,0,1,차대사람 - 기타,안전운전불이행,포장 - 건조,맑음,단일로 - 기타,승합,남,56세,기타불명,보행자,여,51세,부상신고
2019041200100588,2019년 4월 12일 20시,금요일,대구광역시 동구 효목동,중상사고,0,1,0,0,차대사람 - 횡단중,신호위반,포장 - 건조,맑음,교차로 - 교차로횡단보도내,원동기,남,68세,상해없음,보행자,여,26세,중상
2019041200100592,2019년 4월 12일 20시,금요일,대구광역시 달서구 용산동,경상사고,0,0,1,0,차대사람 - 기타,안전운전불이행,포장 - 건조,맑음,단일로 - 기타,승합,남,64세,상해없음,보행자,여,28세,경상
2019041300100072,2019년 4월 13일 02시,토요일,대구광역시 수성구 황금동,경상사고,0,0,1,0,차대사람 - 길가장자리구역통행중,안전운전불이행,포장 - 건조,맑음,교차로 - 교차로부근,승용,남,27세,상해없음,보행자,남,34세,경상
2019041300100260,2019년 4월 13일 11시,토요일,대구광역시 달서구 이곡동,중상사고,0,1,0,0,차대사람 - 횡단중,보행자보호의무위반,포장 - 건조,맑음,교차로 - 교차로안,승합,남,66세,상해없음,보행자,여,76세,중상
2019041300100347,2019년 4월 13일 13시,토요일,대구광역시 중구 북성로1가,부상신고사고,0,0,0,1,차대사람 - 보도통행중,안전운전불이행,포장 - 건조,맑음,단일로 - 기타,기타불명,기타불명,미분류,기타불명,보행자,여,37세,부상신고
2019041300100421,2019년 4월 13일 15시,토요일,대구광역시 남구 봉덕동,경상사고,0,0,1,0,차대사람 - 기타,안전운전불이행,포장 - 건조,맑음,교차로 - 교차로부근,승용,남,39세,상해없음,보행자,여,27세,경상
2019041300100498,2019년 4월 13일 17시,토요일,대구광역시 중구 삼덕동1가,경상사고,0,0,1,0,차대사람 - 차도통행중,안전운전불이행,포장 - 건조,맑음,교차로 - 교차로안,승용,남,50세,상해없음,보행자,남,17세,경상
2019041300100542,2019년 4월 13일 18시,토요일,대구광역시 수성구 두산동,경상사고,0,0,1,0,차대사람 - 기타,안전운전불이행,포장 - 건조,맑음,교차로 - 교차로안,승용,남,40세,상해없음,보행자,남,55세,경상
2019041300100584,2019년 4월 13일 19시,토요일,대구광역시 서구 중리동,경상사고,0,0,1,0,차대사람 - 차도통행중,안전운전불이행,포장 - 건조,맑음,단일로 - 기타,승용,남,49세,상해없음,보행자,여,50세,경상
2019041400100125,2019년 4월 14일 09시,일요일,대구광역시 수성구 상동,경상사고,0,0,1,0,차대사람 - 보도통행중,보행자보호의무위반,포장 - 건조,맑음,교차로 - 교차로횡단보도내,승용,남,69세,상해없음,보행자,남,50세,경상
2019041400100250,2019년 4월 14일 14시,일요일,대구광역시 수성구 지산동,경상사고,0,0,1,0,차대사람 - 기타,안전운전불이행,포장 - 건조,맑음,교차로 - 교차로부근,승용,여,44세,상해없음,보행자,남,42세,경상
2019041400100377,2019년 4월 14일 19시,일요일,대구광역시 중구 삼덕동1가,경상사고,0,0,1,0,차대사람 - 횡단중,신호위반,포장 - 건조,맑음,단일로 - 기타,이륜,남,36세,상해없음,보행자,여,20세,경상
2019041400100422,2019년 4월 14일 21시,일요일,대구광역시 동구 신암동,경상사고,0,0,1,1,차대사람 - 횡단중,신호위반,포장 - 건조,맑음,단일로 - 기타,이륜,남,55세,부상신고,보행자,여,54세,경상
2019041500100094,2019년 4월 15일 07시,월요일,대구광역시 달서구 대곡동,중상사고,0,1,0,0,차대사람 - 횡단중,신호위반,포장 - 건조,맑음,교차로 - 교차로횡단보도내,이륜,남,70세,상해없음,보행자,여,12세,중상
2019041500100325,2019년 4월 15일 13시,월요일,대구광역시 북구 칠성동1가,경상사고,0,0,1,0,차대사람 - 기타,안전운전불이행,포장 - 건조,맑음,단일로 - 기타,승용,남,54세,상해없음,보행자,남,75세,경상
2019041500100419,2019년 4월 15일 15시,월요일,대구광역시 동구 신서동,경상사고,0,0,2,0,차대사람 - 보도통행중,보행자보호의무위반,포장 - 건조,맑음,교차로 - 교차로횡단보도내,승용,남,21세,상해없음,보행자,여,11세,경상
2019041500100420,2019년 4월 15일 15시,월요일,대구광역시 수성구 상동,중상사고,0,1,0,0,차대사람 - 횡단중,보행자보호의무위반,포장 - 건조,맑음,단일로 - 기타,승용,여,29세,상해없음,보행자,남,78세,중상
2019041500100474,2019년 4월 15일 16시,월요일,대구광역시 동구 율하동,중상사고,0,1,0,0,차대사람 - 기타,안전운전불이행,포장 - 건조,맑음,교차로 - 교차로안,승용,여,29세,상해없음,보행자,여,9세,중상
2019041500100476,2019년 4월 15일 16시,월요일,대구광역시 수성구 범물동,경상사고,0,0,1,0,차대사람 - 기타,기타,포장 - 건조,맑음,단일로 - 기타,승합,남,58세,상해없음,보행자,남,77세,경상
2019041500100528,2019년 4월 15일 17시,월요일,대구광역시 수성구 지산동,경상사고,0,0,1,0,차대사람 - 횡단중,보행자보호의무위반,포장 - 건조,맑음,교차로 - 교차로횡단보도내,승용,남,54세,상해없음,보행자,여,66세,경상
2019041500100581,2019년 4월 15일 18시,월요일,대구광역시 수성구 두산동,경상사고,0,0,1,0,차대사람 - 횡단중,안전운전불이행,포장 - 건조,맑음,기타 - 기타,승용,남,60세,상해없음,보행자,여,49세,경상
2019041500100701,2019년 4월 15일 22시,월요일,대구광역시 달서구 감삼동,경상사고,0,0,1,0,차대사람 - 보도통행중,기타,포장 - 건조,맑음,기타 - 기타,승용,여,63세,상해없음,보행자,남,33세,경상
2019041500100721,2019년 4월 15일 23시,월요일,대구광역시 달성군 현풍읍,부상신고사고,0,0,0,1,차대사람 - 보도통행중,안전운전불이행,포장 - 건조,맑음,단일로 - 기타,승용,남,25세,상해없음,보행자,남,28세,부상신고
2019041600100110,2019년 4월 16일 07시,화요일,대구광역시 수성구 만촌동,경상사고,0,0,1,0,차대사람 - 횡단중,보행자보호의무위반,포장 - 건조,맑음,교차로 - 교차로부근,승용,여,44세,상해없음,보행자,여,10세,경상
2019041600100111,2019년 4월 16일 07시,화요일,대구광역시 달서구 용산동,중상사고,0,1,0,0,차대사람 - 횡단중,안전운전불이행,포장 - 건조,맑음,기타 - 기타,승용,남,47세,상해없음,보행자,여,43세,중상
2019041600100160,2019년 4월 16일 08시,화요일,대구광역시 남구 대명동,중상사고,0,1,0,0,차대사람 - 횡단중,보행자보호의무위반,포장 - 건조,맑음,단일로 - 지하차도(도로)내,승용,여,65세,상해없음,보행자,남,19세,중상
2019041600100241,2019년 4월 16일 10시,화요일,대구광역시 수성구 중동,중상사고,0,1,0,0,차대사람 - 기타,안전운전불이행,포장 - 건조,맑음,기타 - 기타,승용,남,45세,상해없음,보행자,남,74세,중상
2019041600100242,2019년 4월 16일 10시,화요일,대구광역시 북구 산격동,경상사고,0,0,1,0,차대사람 - 횡단중,안전운전불이행,포장 - 건조,맑음,교차로 - 교차로부근,승용,남,70세,상해없음,보행자,남,72세,경상
2019041600100317,2019년 4월 16일 12시,화요일,대구광역시 달성군 다사읍,중상사고,0,1,0,0,차대사람 - 횡단중,안전운전불이행,포장 - 건조,맑음,단일로 - 기타,승용,남,51세,상해없음,보행자,여,70세,중상
2019041600100340,2019년 4월 16일 13시,화요일,대구광역시 동구 율하동,경상사고,0,0,1,0,차대사람 - 횡단중,안전운전불이행,포장 - 건조,맑음,교차로 - 교차로부근,승용,남,34세,상해없음,보행자,남,8세,경상
2019041600100343,2019년 4월 16일 13시,화요일,대구광역시 달서구 상인동,중상사고,0,1,0,0,차대사람 - 횡단중,안전운전불이행,포장 - 건조,맑음,단일로 - 기타,승용,남,28세,상해없음,보행자,남,25세,중상
2019041600100415,2019년 4월 16일 15시,화요일,대구광역시 달성군 화원읍,부상신고사고,0,0,0,1,차대사람 - 기타,안전운전불이행,포장 - 건조,맑음,교차로 - 교차로부근,승용,여,50세,상해없음,보행자,남,59세,부상신고
2019041600100509,2019년 4월 16일 17시,화요일,대구광역시 남구 대명동,부상신고사고,0,0,0,1,차대사람 - 기타,안전운전불이행,포장 - 건조,맑음,단일로 - 기타,자전거,여,55세,상해없음,보행자,남,46세,부상신고
2019041600100511,2019년 4월 16일 17시,화요일,대구광역시 동구 신암동,경상사고,0,0,1,0,차대사람 - 보도통행중,기타,포장 - 건조,맑음,기타 - 기타,승용,여,26세,상해없음,보행자,남,37세,경상
2019041600100512,2019년 4월 16일 17시,화요일,대구광역시 수성구 지산동,중상사고,0,1,0,0,차대사람 - 횡단중,보행자보호의무위반,포장 - 건조,맑음,기타 - 기타,승용,남,28세,상해없음,보행자,여,10세,중상
2019041600100620,2019년 4월 16일 20시,화요일,대구광역시 동구 각산동,경상사고,0,0,1,0,차대사람 - 횡단중,보행자보호의무위반,포장 - 건조,맑음,교차로 - 교차로안,승용,남,56세,상해없음,보행자,남,26세,경상
2019041600100621,2019년 4월 16일 20시,화요일,대구광역시 달서구 성당동,부상신고사고,0,0,0,1,차대사람 - 기타,안전운전불이행,포장 - 건조,맑음,단일로 - 기타,화물,남,28세,상해없음,보행자,여,2세,부상신고
2019041600100695,2019년 4월 16일 23시,화요일,대구광역시 남구 대명동,경상사고,0,0,1,0,차대사람 - 횡단중,신호위반,포장 - 건조,맑음,교차로 - 교차로안,이륜,남,25세,상해없음,보행자,남,24세,경상
2019041700100049,2019년 4월 17일 03시,수요일,대구광역시 달서구 죽전동,중상사고,0,1,0,0,차대사람 - 횡단중,과속,포장 - 건조,맑음,단일로 - 기타,승용,남,66세,상해없음,보행자,여,36세,중상
2019041700100152,2019년 4월 17일 08시,수요일,대구광역시 달서구 상인동,경상사고,0,0,1,0,차대사람 - 기타,안전운전불이행,포장 - 건조,맑음,교차로 - 교차로안,승용,여,36세,상해없음,보행자,남,64세,경상
2019041700100193,2019년 4월 17일 09시,수요일,대구광역시 동구 신기동,중상사고,0,1,0,0,차대사람 - 보도통행중,보행자보호의무위반,포장 - 건조,맑음,단일로 - 기타,승용,남,54세,상해없음,보행자,여,82세,중상
2019041700100345,2019년 4월 17일 14시,수요일,대구광역시 수성구 신매동,경상사고,0,0,1,0,차대사람 - 기타,기타,포장 - 건조,맑음,기타 - 기타,승용,여,59세,상해없음,보행자,남,20세,경상
2019041700100347,2019년 4월 17일 14시,수요일,대구광역시 달서구 신당동,중상사고,0,1,0,0,차대사람 - 차도통행중,안전운전불이행,포장 - 건조,맑음,교차로 - 교차로안,승합,여,44세,상해없음,보행자,여,19세,중상
2019041700100422,2019년 4월 17일 16시,수요일,대구광역시 수성구 상동,중상사고,0,1,0,0,차대사람 - 기타,기타,포장 - 건조,맑음,단일로 - 기타,자전거,남,73세,상해없음,보행자,여,83세,중상
2019041700100462,2019년 4월 17일 17시,수요일,대구광역시 수성구 두산동,중상사고,0,1,0,0,차대사람 - 횡단중,보행자보호의무위반,포장 - 건조,맑음,단일로 - 기타,승용,여,73세,상해없음,보행자,여,53세,중상
2019041700100463,2019년 4월 17일 17시,수요일,대구광역시 달서구 상인동,경상사고,0,0,1,0,차대사람 - 길가장자리구역통행중,안전운전불이행,포장 - 건조,맑음,교차로 - 교차로부근,승용,여,24세,상해없음,보행자,남,15세,경상
2019041700100464,2019년 4월 17일 17시,수요일,대구광역시 북구 고성동2가,중상사고,0,1,0,0,차대사람 - 보도통행중,기타,포장 - 건조,맑음,단일로 - 기타,화물,남,38세,상해없음,보행자,여,16세,중상
2019041700100466,2019년 4월 17일 17시,수요일,대구광역시 서구 이현동,부상신고사고,0,0,0,1,차대사람 - 횡단중,안전운전불이행,포장 - 건조,맑음,교차로 - 교차로횡단보도내,기타불명,기타불명,미분류,기타불명,보행자,남,34세,부상신고
2019041700100467,2019년 4월 17일 17시,수요일,대구광역시 달서구 두류동,경상사고,0,0,1,0,차대사람 - 기타,안전운전불이행,포장 - 건조,맑음,단일로 - 기타,승용,남,54세,상해없음,보행자,여,59세,경상
2019041700100551,2019년 4월 17일 19시,수요일,대구광역시 수성구 만촌동,경상사고,0,0,1,0,차대사람 - 횡단중,안전운전불이행,포장 - 건조,맑음,교차로 - 교차로횡단보도내,승용,남,68세,상해없음,보행자,여,14세,경상
2019041700100556,2019년 4월 17일 19시,수요일,대구광역시 북구 침산동,경상사고,0,0,1,0,차대사람 - 기타,안전운전불이행,포장 - 건조,맑음,교차로 - 교차로부근,승용,여,56세,상해없음,보행자,남,59세,경상
2019041700100589,2019년 4월 17일 20시,수요일,대구광역시 북구 산격동,경상사고,0,0,1,0,차대사람 - 보도통행중,안전운전불이행,포장 - 건조,맑음,기타 - 기타,기타불명,여,49세,상해없음,보행자,남,28세,경상
2019041700100661,2019년 4월 17일 23시,수요일,대구광역시 달서구 신당동,중상사고,0,1,0,0,차대사람 - 횡단중,안전운전불이행,포장 - 건조,맑음,단일로 - 기타,승용,남,37세,상해없음,보행자,남,53세,중상
2019041800100079,2019년 4월 18일 06시,목요일,대구광역시 남구 대명동,중상사고,0,1,0,0,차대사람 - 횡단중,교차로운행방법위반,포장 - 건조,맑음,교차로 - 교차로횡단보도내,자전거,남,52세,상해없음,보행자,여,80세,중상
2019041800100141,2019년 4월 18일 08시,목요일,대구광역시 동구 서호동,중상사고,0,1,0,0,차대사람 - 횡단중,과속,포장 - 건조,맑음,단일로 - 기타,승용,여,27세,상해없음,보행자,여,21세,중상
2019041800100420,2019년 4월 18일 16시,목요일,대구광역시 달서구 월성동,부상신고사고,0,0,0,1,차대사람 - 기타,안전운전불이행,포장 - 건조,맑음,교차로 - 교차로횡단보도내,승합,남,51세,상해없음,보행자,남,16세,부상신고
2019041800100460,2019년 4월 18일 17시,목요일,대구광역시 남구 봉덕동,경상사고,0,0,1,0,차대사람 - 기타,안전운전불이행,포장 - 건조,맑음,교차로 - 교차로부근,화물,남,48세,상해없음,보행자,여,79세,경상
2019041800100531,2019년 4월 18일 19시,목요일,대구광역시 달서구 상인동,중상사고,0,1,0,0,차대사람 - 횡단중,보행자보호의무위반,포장 - 건조,맑음,단일로 - 기타,승용,남,63세,상해없음,보행자,여,66세,중상
2019041800100587,2019년 4월 18일 21시,목요일,대구광역시 북구 복현동,중상사고,0,1,0,0,차대사람 - 기타,안전운전불이행,포장 - 건조,맑음,교차로 - 교차로안,승용,남,30세,상해없음,보행자,남,47세,중상
2019041800100606,2019년 4월 18일 22시,목요일,대구광역시 수성구 이천동,경상사고,0,0,1,0,차대사람 - 횡단중,안전운전불이행,포장 - 건조,맑음,단일로 - 기타,이륜,남,24세,상해없음,보행자,남,64세,경상
2019041800100629,2019년 4월 18일 23시,목요일,대구광역시 수성구 파동,중상사고,0,1,0,0,차대사람 - 횡단중,안전운전불이행,포장 - 건조,맑음,단일로 - 기타,승용,여,53세,상해없음,보행자,남,54세,중상
2019041900100290,2019년 4월 19일 12시,금요일,대구광역시 동구 신서동,중상사고,0,1,0,0,차대사람 - 기타,보행자보호의무위반,포장 - 건조,맑음,교차로 - 교차로안,승용,남,58세,상해없음,보행자,여,83세,중상
2019041900100366,2019년 4월 19일 14시,금요일,대구광역시 달서구 도원동,경상사고,0,0,1,0,차대사람 - 횡단중,보행자보호의무위반,포장 - 건조,맑음,교차로 - 교차로안,화물,남,68세,상해없음,보행자,여,66세,경상
2019041900100497,2019년 4월 19일 17시,금요일,대구광역시 수성구 범물동,중상사고,0,1,0,0,차대사람 - 횡단중,보행자보호의무위반,포장 - 건조,맑음,교차로 - 교차로횡단보도내,승용,남,46세,상해없음,보행자,여,56세,중상
2019042000100058,2019년 4월 20일 01시,토요일,대구광역시 달서구 송현동,경상사고,0,0,1,0,차대사람 - 기타,안전운전불이행,포장 - 건조,맑음,단일로 - 기타,승용,남,37세,상해없음,보행자,여,23세,경상