사고번호,사고일시,요일,시군구,사고내용,사망자수,중상자수,경상자수,부상신고자수,사고유형,법규위반,노면상태,기상상태,도로형태,가해운전자 차종,가해운전자 성별,가해운전자 연령,가해운전자 상해정도,피해운전자 차종,피해운전자 성별,피해운전자 연령,피해운전자 상해정도
2019042000100147,2019년 4월 20일 08시,토요일,대구광역시 달서구 본동,중상사고,0,1,0,0,차대사람 - 기타,안전운전불이행,포장 - 건조,맑음,교차로 - 교차로안,승용,남,47세,상해없음,보행자,여,56세,중상
2019042000100180,2019년 4월 20일 09시,토요일,대구광역시 남구 대명동,경상사고,0,0,1,0,차대사람 - 보도통행중,기타,포장 - 건조,맑음,단일로 - 지하차도(도로)내,승용,남,48세,상해없음,보행자,남,37세,경상
2019042000100217,2019년 4월 20일 10시,토요일,대구광역시 달서구 대곡동,경상사고,0,0,1,0,차대사람 - 횡단중,안전운전불이행,포장 - 건조,맑음,기타 - 기타,자전거,남,17세,상해없음,보행자,남,81세,경상
2019042000100347,2019년 4월 20일 13시,토요일,대구광역시 달서구 상인동,중상사고,0,1,0,0,차대사람 - 횡단중,안전운전불이행,포장 - 건조,맑음,단일로 - 기타,승용,남,38세,상해없음,보행자,여,76세,중상
2019042000100457,2019년 4월 20일 16시,토요일,대구광역시 달서구 용산동,경상사고,0,0,1,0,차대사람 - 기타,안전운전불이행,포장 - 건조,맑음,단일로 - 기타,화물,남,53세,상해없음,보행자,여,10세,경상
2019042000100530,2019년 4월 20일 18시,토요일,대구광역시 수성구 신매동,경상사고,0,0,1,0,차대사람 - 횡단중,보행자보호의무위반,포장 - 건조,맑음,교차로 - 교차로안,승용,남,57세,상해없음,보행자,남,73세,경상
2019042100100117,2019년 4월 21일 08시,일요일,대구광역시 중구 계산동2가,경상사고,0,0,1,0,차대사람 - 차도통행중,안전운전불이행,포장 - 건조,맑음,단일로 - 기타,승합,남,56세,상해없음,보행자,남,48세,경상
2019042100100118,2019년 4월 21일 08시,일요일,대구광역시 북구 관음동,경상사고,0,0,1,0,차대사람 - 기타,신호위반,포장 - 건조,맑음,단일로 - 기타,이륜,남,60세,상해없음,보행자,남,6세,경상
2019042100100168,2019년 4월 21일 10시,일요일,대구광역시 동구 지묘동,중상사고,0,2,1,0,차대사람 - 기타,안전운전불이행,포장 - 건조,맑음,단일로 - 기타,승용,남,70세,상해없음,보행자,여,65세,경상
2019042100100187,2019년 4월 21일 11시,일요일,대구광역시 동구 신기동,중상사고,0,1,0,0,차대사람 - 기타,안전운전불이행,포장 - 건조,맑음,교차로 - 교차로안,자전거,남,74세,상해없음,보행자,여,84세,중상
2019042100100235,2019년 4월 21일 13시,일요일,대구광역시 수성구 만촌동,경상사고,0,0,1,0,차대사람 - 횡단중,보행자보호의무위반,포장 - 건조,맑음,단일로 - 기타,승용,여,62세,상해없음,보행자,남,4세,경상
2019042100100308,2019년 4월 21일 16시,일요일,대구광역시 북구 칠성동1가,경상사고,0,0,2,0,차대사람 - 횡단중,보행자보호의무위반,포장 - 건조,맑음,단일로 - 기타,이륜,남,23세,경상,보행자,여,8세,경상
2019042100100334,2019년 4월 21일 17시,일요일,대구광역시 달서구 감삼동,중상사고,0,1,0,0,차대사람 - 기타,안전운전불이행,포장 - 건조,맑음,단일로 - 기타,자전거,남,11세,상해없음,보행자,여,69세,중상
2019042100100410,2019년 4월 21일 20시,일요일,대구광역시 동구 용계동,경상사고,0,0,1,0,차대사람 - 횡단중,안전운전불이행,포장 - 건조,맑음,교차로 - 교차로부근,승용,여,33세,상해없음,보행자,남,53세,경상
2019042100100467,2019년 4월 21일 22시,일요일,대구광역시 북구 매천동,중상사고,0,1,0,0,차대사람 - 횡단중,안전운전불이행,포장 - 건조,맑음,교차로 - 교차로안,승용,남,66세,상해없음,보행자,여,62세,중상
2019042200100043,2019년 4월 22일 04시,월요일,대구광역시 중구 동성로2가,중상사고,0,1,0,0,차대사람 - 기타,안전운전불이행,포장 - 건조,맑음,단일로 - 기타,화물,남,74세,상해없음,보행자,여,21세,중상
2019042200100099,2019년 4월 22일 07시,월요일,대구광역시 동구 신기동,중상사고,0,1,0,0,차대사람 - 기타,안전운전불이행,포장 - 건조,맑음,기타 - 기타,승용,남,58세,기타불명,보행자,남,57세,중상
2019042200100150,2019년 4월 22일 08시,월요일,대구광역시 남구 대명동,경상사고,0,0,1,0,차대사람 - 차도통행중,안전운전불이행,포장 - 건조,맑음,단일로 - 기타,승용,여,28세,상해없음,보행자,여,50세,경상
2019042200100151,2019년 4월 22일 08시,월요일,대구광역시 동구 신천동,경상사고,0,0,1,0,차대사람 - 기타,안전운전불이행,포장 - 건조,맑음,단일로 - 기타,화물,남,52세,상해없음,보행자,남,67세,경상
2019042200100200,2019년 4월 22일 09시,월요일,대구광역시 서구 이현동,중상사고,0,1,0,0,차대사람 - 기타,안전운전불이행,포장 - 건조,맑음,단일로 - 기타,승용,남,56세,상해없음,보행자,남,32세,중상
2019042200100305,2019년 4월 22일 12시,월요일,대구광역시 남구 대명동,경상사고,0,0,1,0,차대사람 - 차도통행중,안전운전불이행,포장 - 건조,맑음,기타 - 기타,승용,남,44세,상해없음,보행자,여,29세,경상
2019042200100306,2019년 4월 22일 12시,월요일,대구광역시 서구 내당동,중상사고,0,1,0,0,차대사람 - 횡단중,안전운전불이행,포장 - 건조,맑음,교차로 - 교차로부근,승용,남,62세,상해없음,보행자,남,65세,중상
2019042200100307,2019년 4월 22일 12시,월요일,대구광역시 북구 팔달동,중상사고,0,1,0,0,차대사람 - 기타,안전운전불이행,포장 - 건조,맑음,교차로 - 교차로안,승용,남,59세,상해없음,보행자,여,71세,중상
2019042200100473,2019년 4월 22일 16시,월요일,대구광역시 북구 칠성동2가,경상사고,0,0,1,0,차대사람 - 길가장자리구역통행중,안전운전불이행,포장 - 건조,맑음,단일로 - 기타,자전거,남,23세,상해없음,보행자,여,65세,경상
2019042200100571,2019년 4월 22일 18시,월요일,대구광역시 동구 율암동,중상사고,0,1,0,0,차대사람 - 기타,안전운전불이행,포장 - 건조,기타,기타 - 기타,승용,남,27세,상해없음,보행자,남,37세,중상
2019042200100635,2019년 4월 22일 20시,월요일,대구광역시 달서구 이곡동,경상사고,0,0,1,0,차대사람 - 횡단중,보행자보호의무위반,포장 - 건조,맑음,교차로 - 교차로안,이륜,남,18세,상해없음,보행자,남,27세,경상
2019042200100663,2019년 4월 22일 21시,월요일,대구광역시 남구 대명동,경상사고,0,0,1,0,차대사람 - 기타,안전운전불이행,포장 - 젖음/습기,비,단일로 - 기타,승합,남,47세,상해없음,보행자,남,69세,경상
2019042200100664,2019년 4월 22일 21시,월요일,대구광역시 수성구 신매동,경상사고,0,0,1,0,차대사람 - 횡단중,기타,포장 - 건조,맑음,기타 - 기타,승용,남,27세,상해없음,보행자,여,15세,경상
2019042200100687,2019년 4월 22일 22시,월요일,대구광역시 달서구 월성동,중상사고,0,1,0,0,차대사람 - 횡단중,안전운전불이행,포장 - 건조,맑음,교차로 - 교차로횡단보도내,승용,남,51세,상해없음,보행자,남,81세,중상
2019042200100704,2019년 4월 22일 23시,월요일,대구광역시 달서구 도원동,경상사고,0,0,1,0,차대사람 - 횡단중,보행자보호의무위반,포장 - 건조,맑음,교차로 - 교차로횡단보도내,승용,남,47세,상해없음,보행자,여,19세,경상
2019042300100062,2019년 4월 23일 06시,화요일,대구광역시 북구 태전동,중상사고,0,1,0,0,차대사람 - 횡단중,보행자보호의무위반,포장 - 젖음/습기,비,교차로 - 교차로횡단보도내,화물,남,27세,상해없음,보행자,여,25세,중상
2019042300100082,2019년 4월 23일 07시,화요일,대구광역시 달서구 도원동,경상사고,0,0,1,0,차대사람 - 횡단중,안전운전불이행,포장 - 건조,맑음,단일로 - 기타,승용,남,48세,상해없음,보행자,남,15세,경상
2019042300100315,2019년 4월 23일 14시,화요일,대구광역시 달성군 유가읍,경상사고,0,0,1,0,차대사람 - 기타,안전운전불이행,포장 - 건조,맑음,단일로 - 기타,승합,남,63세,상해없음,보행자,여,43세,경상
2019042300100351,2019년 4월 23일 15시,화요일,대구광역시 달서구 죽전동,중상사고,0,1,0,0,차대사람 - 길가장자리구역통행중,안전운전불이행,포장 - 건조,맑음,단일로 - 기타,화물,남,50세,상해없음,보행자,남,74세,중상
2019042300100352,2019년 4월 23일 15시,화요일,대구광역시 달서구 이곡동,중상사고,0,1,0,0,차대사람 - 횡단중,보행자보호의무위반,포장 - 젖음/습기,비,교차로 - 교차로횡단보도내,승용,남,42세,상해없음,보행자,여,79세,중상
2019042300100435,2019년 4월 23일 17시,화요일,대구광역시 북구 산격동,경상사고,0,0,1,0,차대사람 - 기타,안전운전불이행,포장 - 건조,맑음,교차로 - 교차로부근,승용,남,75세,상해없음,보행자,여,64세,경상
2019042300100473,2019년 4월 23일 18시,화요일,대구광역시 동구 효목동,경상사고,0,0,1,0,차대사람 - 횡단중,보행자보호의무위반,포장 - 젖음/습기,비,단일로 - 기타,승용,남,76세,상해없음,보행자,남,48세,경상
2019042300100519,2019년 4월 23일 19시,화요일,대구광역시 달서구 두류동,부상신고사고,0,0,0,1,차대사람 - 길가장자리구역통행중,안전운전불이행,포장 - 건조,맑음,단일로 - 기타,승용,여,31세,상해없음,보행자,남,65세,부상신고
2019042300100556,2019년 4월 23일 20시,화요일,대구광역시 달성군 다사읍,중상사고,0,1,0,0,차대사람 - 횡단중,보행자보호의무위반,포장 - 젖음/습기,비,교차로 - 교차로횡단보도내,승용,남,54세,상해없음,보행자,여,57세,중상
2019042300100558,2019년 4월 23일 20시,화요일,대구광역시 달서구 신당동,경상사고,0,0,1,0,차대사람 - 횡단중,안전운전불이행,포장 - 젖음/습기,비,교차로 - 교차로횡단보도내,승용,남,49세,상해없음,보행자,남,30세,경상
2019042300100650,2019년 4월 23일 23시,화요일,대구광역시 동구 신천동,경상사고,0,0,1,0,차대사람 - 기타,안전운전불이행,포장 - 젖음/습기,비,교차로 - 교차로부근,승용,남,62세,상해없음,보행자,여,53세,경상
2019042400100096,2019년 4월 24일 04시,수요일,대구광역시 북구 태전동,부상신고사고,0,0,0,1,차대사람 - 기타,안전운전불이행,포장 - 건조,맑음,단일로 - 기타,기타불명,기타불명,미분류,기타불명,보행자,남,24세,부상신고
2019042400100194,2019년 4월 24일 08시,수요일,대구광역시 동구 신암동,중상사고,0,1,0,0,차대사람 - 횡단중,안전운전불이행,포장 - 젖음/습기,비,단일로 - 기타,승용,남,31세,상해없음,보행자,여,17세,중상
2019042400100195,2019년 4월 24일 08시,수요일,대구광역시 북구 복현동,중상사고,0,1,0,0,차대사람 - 기타,안전운전불이행,포장 - 젖음/습기,비,단일로 - 기타,승용,여,52세,상해없음,보행자,여,38세,중상
2019042400100232,2019년 4월 24일 09시,수요일,대구광역시 동구 괴전동,중상사고,0,1,0,0,차대사람 - 횡단중,안전운전불이행,포장 - 젖음/습기,비,교차로 - 교차로부근,승합,남,57세,상해없음,보행자,남,69세,중상
2019042400100337,2019년 4월 24일 13시,수요일,대구광역시 북구 구암동,경상사고,0,0,1,0,차대사람 - 기타,기타,포장 - 건조,맑음,단일로 - 기타,승합,남,48세,상해없음,보행자,여,22세,경상
2019042400100447,2019년 4월 24일 16시,수요일,대구광역시 동구 검사동,중상사고,0,1,0,0,차대사람 - 기타,안전운전불이행,포장 - 건조,맑음,기타 - 기타,기타불명,기타불명,미분류,기타불명,보행자,여,70세,중상
2019042400100487,2019년 4월 24일 17시,수요일,대구광역시 서구 내당동,경상사고,0,0,1,0,차대사람 - 횡단중,안전운전불이행,포장 - 건조,맑음,단일로 - 기타,승용,남,23세,상해없음,보행자,여,82세,경상
2019042400100582,2019년 4월 24일 19시,수요일,대구광역시 동구 신천동,경상사고,0,0,1,0,차대사람 - 횡단중,안전운전불이행,포장 - 건조,맑음,교차로 - 교차로안,승용,여,39세,상해없음,보행자,남,60세,경상
2019042400100614,2019년 4월 24일 20시,수요일,대구광역시 서구 비산동,경상사고,0,0,1,0,차대사람 - 보도통행중,기타,포장 - 건조,맑음,단일로 - 기타,승용,남,60세,상해없음,보행자,남,64세,경상
2019042500100025,2019년 4월 25일 00시,목요일,대구광역시 서구 원대동3가,중상사고,0,1,0,0,차대사람 - 기타,안전운전불이행,포장 - 건조,맑음,교차로 - 교차로부근,승용,남,23세,상해없음,보행자,여,59세,중상
2019042500100048,2019년 4월 25일 03시,목요일,대구광역시 수성구 범어동,중상사고,0,1,0,0,차대사람 - 기타,안전운전불이행,포장 - 건조,맑음,단일로 - 기타,승용,남,31세,상해없음,보행자,남,45세,중상
2019042500100170,2019년 4월 25일 09시,목요일,대구광역시 동구 신암동,중상사고,0,1,0,0,차대사람 - 횡단중,보행자보호의무위반,포장 - 건조,맑음,단일로 - 기타,승합,남,59세,상해없음,보행자,여,57세,중상
2019042500100331,2019년 4월 25일 14시,목요일,대구광역시 달성군 논공읍,경상사고,0,0,1,0,차대사람 - 기타,안전운전불이행,포장 - 건조,맑음,단일로 - 기타,승용,남,37세,상해없음,보행자,여,75세,경상
2019042500100368,2019년 4월 25일 15시,목요일,대구광역시 북구 읍내동,경상사고,0,0,1,0,차대사람 - 기타,안전운전불이행,포장 - 건조,맑음,단일로 - 기타,승용,여,41세,상해없음,보행자,남,22세,경상
2019042500100640,2019년 4월 25일 21시,목요일,대구광역시 달서구 용산동,중상사고,0,1,0,0,차대사람 - 기타,안전운전불이행,포장 - 젖음/습기,비,교차로 - 교차로횡단보도내,승용,남,60세,상해없음,보행자,여,69세,중상
2019042600100134,2019년 4월 26일 07시,금요일,대구광역시 달서구 송현동,중상사고,0,1,0,0,차대사람 - 기타,안전운전불이행,포장 - 건조,맑음,단일로 - 기타,승용,남,40세,상해없음,보행자,여,18세,중상
2019042600100234,2019년 4월 26일 10시,금요일,대구광역시 달서구 두류동,경상사고,0,0,2,0,차대사람 - 기타,안전운전불이행,포장 - 건조,맑음,단일로 - 기타,승용,남,77세,상해없음,보행자,남,34세,경상
2019042600100401,2019년 4월 26일 15시,금요일,대구광역시 북구 사수동,경상사고,0,0,1,0,차대사람 - 기타,불법유턴,포장 - 젖음/습기,비,교차로 - 교차로부근,기타불명,기타불명,미분류,기타불명,보행자,여,47세,경상
2019042600100481,2019년 4월 26일 17시,금요일,대구광역시 북구 구암동,경상사고,0,0,1,0,차대사람 - 횡단중,신호위반,포장 - 젖음/습기,비,교차로 - 교차로횡단보도내,승용,여,41세,상해없음,보행자,남,21세,경상
2019042600100534,2019년 4월 26일 18시,금요일,대구광역시 중구 대봉동,중상사고,0,1,0,0,차대사람 - 횡단중,보행자보호의무위반,포장 - 젖음/습기,비,교차로 - 교차로횡단보도내,승용,여,51세,상해없음,보행자,여,70세,중상
2019042600100587,2019년 4월 26일 19시,금요일,대구광역시 북구 산격동,경상사고,0,0,1,0,차대사람 - 횡단중,안전운전불이행,포장 - 건조,맑음,단일로 - 기타,승용,여,45세,상해없음,보행자,남,67세,경상
2019042600100634,2019년 4월 26일 20시,금요일,대구광역시 동구 신암동,중상사고,0,1,0,0,차대사람 - 횡단중,보행자보호의무위반,포장 - 젖음/습기,비,단일로 - 기타,승용,남,24세,상해없음,보행자,남,77세,중상
2019042600100635,2019년 4월 26일 20시,금요일,대구광역시 달서구 송현동,경상사고,0,0,1,0,차대사람 - 횡단중,신호위반,포장 - 젖음/습기,흐림,단일로 - 기타,기타불명,기타불명,미분류,기타불명,보행자,여,53세,경상
2019042600100637,2019년 4월 26일 20시,금요일,대구광역시 북구 노원동3가,중상사고,0,1,0,0,차대사람 - 횡단중,보행자보호의무위반,포장 - 젖음/습기,맑음,교차로 - 교차로안,승용,남,43세,상해없음,보행자,여,56세,중상
2019042600100705,2019년 4월 26일 22시,금요일,대구광역시 달성군 화원읍,경상사고,0,0,1,0,차대사람 - 기타,안전운전불이행,포장 - 건조,맑음,교차로 - 교차로부근,화물,남,37세,상해없음,보행자,여,24세,경상
2019042700100121,2019년 4월 27일 06시,토요일,대구광역시 중구 동성로2가,사망사고,1,0,0,0,차대사람 - 기타,안전운전불이행,포장 - 건조,맑음,단일로 - 기타,승용,남,51세,상해없음,보행자,남,80세,사망
2019042700100564,2019년 4월 27일 18시,토요일,대구광역시 수성구 대흥동,중상사고,0,1,0,0,차대사람 - 기타,안전운전불이행,포장 - 건조,맑음,단일로 - 기타,개인형이동수단(PM),남,35세,중상,보행자,여,13세,상해없음
2019042700100567,2019년 4월 27일 18시,토요일,대구광역시 서구 내당동,경상사고,0,0,1,0,차대사람 - 길가장자리구역통행중,안전운전불이행,포장 - 건조,맑음,단일로 - 기타,승용,여,63세,상해없음,보행자,남,26세,경상
2019042700100594,2019년 4월 27일 19시,토요일,대구광역시 동구 신천동,중상사고,0,1,0,0,차대사람 - 보도통행중,기타,포장 - 건조,맑음,단일로 - 기타,자전거,남,58세,상해없음,보행자,여,69세,중상
2019042700100627,2019년 4월 27일 20시,토요일,대구광역시 동구 효목동,경상사고,0,0,1,0,차대사람 - 횡단중,신호위반,포장 - 건조,맑음,교차로 - 교차로안,승합,남,60세,상해없음,보행자,여,26세,경상
2019042700100711,2019년 4월 27일 23시,토요일,대구광역시 수성구 신매동,경상사고,0,0,1,0,차대사람 - 횡단중,안전운전불이행,포장 - 건조,맑음,교차로 - 교차로안,승용,남,49세,상해없음,보행자,남,22세,경상
2019042700100713,2019년 4월 27일 23시,토요일,대구광역시 달서구 두류동,경상사고,0,0,1,0,차대사람 - 기타,안전운전불이행,포장 - 건조,맑음,단일로 - 기타,이륜,남,18세,상해없음,보행자,여,44세,경상
2019042800100171,2019년 4월 28일 11시,일요일,대구광역시 서구 비산동,중상사고,0,1,0,0,차대사람 - 기타,안전운전불이행,포장 - 건조,맑음,단일로 - 기타,승용,남,53세,상해없음,보행자,남,62세,중상
2019042800100292,2019년 4월 28일 15시,일요일,대구광역시 남구 대명동,중상사고,0,1,0,0,차대사람 - 횡단중,안전운전불이행,포장 - 건조,맑음,교차로 - 교차로안,승용,남,60세,상해없음,보행자,여,68세,중상
2019042800100351,2019년 4월 28일 17시,일요일,대구광역시 동구 지저동,중상사고,0,1,0,0,차대사람 - 횡단중,기타,포장 - 건조,맑음,단일로 - 기타,승용,남,24세,상해없음,보행자,여,68세,중상
2019042800100395,2019년 4월 28일 19시,일요일,대구광역시 수성구 범물동,경상사고,0,0,1,0,차대사람 - 횡단중,안전운전불이행,포장 - 건조,맑음,단일로 - 기타,승용,남,42세,상해없음,보행자,여,59세,경상
2019042800100458,2019년 4월 28일 21시,일요일,대구광역시 남구 대명동,경상사고,0,0,1,0,차대사람 - 기타,안전운전불이행,포장 - 건조,맑음,기타 - 기타,기타불명,기타불명,미분류,기타불명,보행자,남,18세,경상
2019042900100263,2019년 4월 29일 11시,월요일,대구광역시 남구 대명동,중상사고,0,1,0,0,차대사람 - 횡단중,안전운전불이행,포장 - 젖음/습기,비,교차로 - 교차로부근,승용,남,23세,상해없음,보행자,여,63세,중상
2019042900100426,2019년 4월 29일 16시,월요일,대구광역시 동구 효목동,경상사고,0,0,1,0,차대사람 - 기타,안전운전불이행,포장 - 젖음/습기,비,교차로 - 교차로안,승용,여,72세,상해없음,보행자,여,42세,경상
2019042900100427,2019년 4월 29일 16시,월요일,대구광역시 달서구 송현동,경상사고,0,0,1,0,차대사람 - 횡단중,보행자보호의무위반,포장 - 젖음/습기,비,교차로 - 교차로횡단보도내,기타불명,기타불명,미분류,기타불명,보행자,여,25세,경상
2019042900100428,2019년 4월 29일 16시,월요일,대구광역시 중구 태평로1가,중상사고,0,1,0,0,차대사람 - 횡단중,안전운전불이행,포장 - 건조,맑음,단일로 - 기타,승용,남,62세,상해없음,보행자,남,73세,중상
2019042900100555,2019년 4월 29일 19시,월요일,대구광역시 달서구 진천동,부상신고사고,0,0,0,1,차대사람 - 기타,안전운전불이행,포장 - 젖음/습기,비,단일로 - 기타,기타불명,기타불명,미분류,기타불명,보행자,남,35세,부상신고
2019042900100582,2019년 4월 29일 20시,월요일,대구광역시 달서구 감삼동,중상사고,0,1,0,0,차대사람 - 차도통행중,안전운전불이행,포장 - 젖음/습기,비,단일로 - 기타,승용,남,62세,상해없음,보행자,남,58세,중상
2019042900100606,2019년 4월 29일 21시,월요일,대구광역시 수성구 범어동,중상사고,0,1,1,0,차대사람 - 횡단중,보행자보호의무위반,포장 - 건조,맑음,교차로 - 교차로횡단보도내,승용,남,60세,상해없음,보행자,여,58세,경상
2019043000100041,2019년 4월 30일 01시,화요일,대구광역시 수성구 만촌동,중상사고,0,1,0,0,차대사람 - 횡단중,안전운전불이행,포장 - 젖음/습기,비,교차로 - 교차로횡단보도내,승용,남,34세,상해없음,보행자,남,23세,중상
2019043000100060,2019년 4월 30일 04시,화요일,대구광역시 달성군 다사읍,경상사고,0,0,1,0,차대사람 - 횡단중,안전운전불이행,포장 - 건조,맑음,단일로 - 기타,승용,여,67세,상해없음,보행자,남,17세,경상
2019043000100180,2019년 4월 30일 09시,화요일,대구광역시 달서구 송현동,경상사고,0,0,1,0,차대사람 - 기타,안전운전불이행,포장 - 건조,맑음,단일로 - 기타,승용,남,79세,상해없음,보행자,남,60세,경상
2019043000100300,2019년 4월 30일 13시,화요일,대구광역시 서구 내당동,중상사고,0,1,0,0,차대사람 - 길가장자리구역통행중,보행자보호의무위반,포장 - 건조,맑음,교차로 - 교차로횡단보도내,화물,남,62세,상해없음,보행자,여,60세,중상
2019043000100369,2019년 4월 30일 15시,화요일,대구광역시 달서구 상인동,부상신고사고,0,0,0,1,차대사람 - 기타,안전운전불이행,포장 - 건조,맑음,단일로 - 기타,기타불명,기타불명,미분류,기타불명,보행자,남,18세,부상신고
2019043000100453,2019년 4월 30일 17시,화요일,대구광역시 중구 동인동2가,경상사고,0,0,1,0,차대사람 - 기타,안전운전불이행,포장 - 건조,맑음,교차로 - 교차로안,승용,여,32세,상해없음,보행자,남,24세,경상
2019043000100525,2019년 4월 30일 19시,화요일,대구광역시 달서구 이곡동,경상사고,0,0,1,0,차대사람 - 기타,불법유턴,포장 - 건조,흐림,단일로 - 기타,승용,남,46세,상해없음,보행자,남,52세,경상
2019043000100613,2019년 4월 30일 22시,화요일,대구광역시 달서구 상인동,부상신고사고,0,0,0,1,차대사람 - 길가장자리구역통행중,안전운전불이행,포장 - 건조,맑음,단일로 - 기타,승용,남,32세,상해없음,보행자,남,32세,부상신고
2019050100100094,2019년 5월 1일 04시,수요일,대구광역시 중구 삼덕동1가,경상사고,0,0,1,0,차대사람 - 차도통행중,안전운전불이행,포장 - 건조,맑음,단일로 - 기타,승용,남,22세,상해없음,보행자,여,20세,경상
2019050100100322,2019년 5월 1일 14시,수요일,대구광역시 달서구 이곡동,중상사고,0,1,0,0,차대사람 - 기타,안전운전불이행,포장 - 건조,맑음,기타 - 기타,승용,남,44세,상해없음,보행자,여,58세,중상
2019050100100360,2019년 5월 1일 15시,수요일,대구광역시 남구 대명동,경상사고,0,0,3,0,차대사람 - 횡단중,안전운전불이행,포장 - 건조,맑음,단일로 - 기타,승용,남,38세,상해없음,보행자,여,32세,경상
2019050100100499,2019년 5월 1일 19시,수요일,대구광역시 북구 국우동,중상사고,0,1,0,1,차대사람 - 횡단중,안전운전불이행,포장 - 건조,맑음,단일로 - 기타,이륜,남,25세,부상신고,보행자,남,49세,중상
2019050100100526,2019년 5월 1일 20시,수요일,대구광역시 동구 신암동,중상사고,0,1,0,0,차대사람 - 기타,안전운전불이행,포장 - 건조,맑음,단일로 - 기타,승용,남,42세,상해없음,보행자,남,11세,중상
2019050200100299,2019년 5월 2일 12시,목요일,대구광역시 달성군 논공읍,중상사고,0,1,0,0,차대사람 - 기타,안전운전불이행,포장 - 건조,맑음,단일로 - 기타,화물,남,29세,상해없음,보행자,남,54세,중상
2019050200100374,2019년 5월 2일 14시,목요일,대구광역시 수성구 범어동,경상사고,0,0,1,0,차대사람 - 보도통행중,기타,포장 - 건조,맑음,단일로 - 기타,자전거,남,79세,상해없음,보행자,여,25세,경상
2019050200100416,2019년 5월 2일 15시,목요일,대구광역시 달성군 다사읍,경상사고,0,0,1,0,차대사람 - 기타,안전운전불이행,포장 - 건조,맑음,단일로 - 기타,승용,남,57세,상해없음,보행자,여,58세,경상
2019050200100559,2019년 5월 2일 18시,목요일,대구광역시 달서구 두류동,경상사고,0,0,1,0,차대사람 - 기타,안전운전불이행,포장 - 건조,맑음,단일로 - 기타,승용,남,59세,상해없음,보행자,여,49세,경상
2019050200100594,2019년 5월 2일 19시,목요일,대구광역시 동구 신암동,경상사고,0,0,1,0,차대사람 - 횡단중,안전운전불이행,포장 - 건조,맑음,단일로 - 기타,이륜,남,16세,상해없음,보행자,여,31세,상해없음
2019050200100627,2019년 5월 2일 20시,목요일,대구광역시 북구 동변동,경상사고,0,0,1,0,차대사람 - 기타,기타,포장 - 건조,맑음,단일로 - 기타,승용,남,57세,상해없음,보행자,남,52세,경상
2019050300100073,2019년 5월 3일 04시,금요일,대구광역시 동구 봉무동,중상사고,0,1,0,0,차대사람 - 횡단중,안전운전불이행,포장 - 건조,맑음,교차로 - 교차로안,승용,남,45세,상해없음,보행자,남,78세,중상
2019050300100171,2019년 5월 3일 08시,금요일,대구광역시 달서구 도원동,경상사고,0,0,1,0,차대사람 - 기타,안전운전불이행,포장 - 건조,맑음,단일로 - 기타,승용,여,62세,상해없음,보행자,남,13세,경상
2019050300100209,2019년 5월 3일 09시,금요일,대구광역시 달서구 상인동,경상사고,0,0,1,0,차대사람 - 길가장자리구역통행중,보행자보호의무위반,포장 - 건조,맑음,단일로 - 기타,승용,여,60세,상해없음,보행자,여,66세,경상
2019050300100314,2019년 5월 3일 12시,금요일,대구광역시 수성구 지산동,중상사고,0,1,0,0,차대사람 - 길가장자리구역통행중,안전운전불이행,포장 - 건조,맑음,단일로 - 기타,승용,여,61세,상해없음,보행자,여,76세,중상
2019050300100353,2019년 5월 3일 13시,금요일,대구광역시 북구 칠성동2가,경상사고,0,0,1,0,차대사람 - 기타,안전운전불이행,포장 - 건조,맑음,기타 - 기타,승용,여,42세,상해없음,보행자,여,67세,경상
2019050300100354,2019년 5월 3일 13시,금요일,대구광역시 중구 남일동,경상사고,0,0,1,0,차대사람 - 기타,안전운전불이행,포장 - 건조,맑음,단일로 - 기타,승용,남,26세,상해없음,보행자,남,24세,경상
2019050300100388,2019년 5월 3일 14시,금요일,대구광역시 달서구 두류동,중상사고,0,1,0,0,차대사람 - 횡단중,보행자보호의무위반,포장 - 건조,맑음,단일로 - 기타,승용,남,36세,상해없음,보행자,남,70세,중상
2019050300100484,2019년 5월 3일 16시,금요일,대구광역시 달성군 다사읍,중상사고,0,1,0,0,차대사람 - 보도통행중,안전운전불이행,포장 - 건조,맑음,단일로 - 기타,원동기,남,14세,상해없음,보행자,남,68세,중상
2019050300100543,2019년 5월 3일 17시,금요일,대구광역시 남구 이천동,경상사고,0,0,1,0,차대사람 - 기타,보행자보호의무위반,포장 - 건조,맑음,단일로 - 기타,이륜,남,31세,상해없음,보행자,여,11세,경상
2019050400100119,2019년 5월 4일 06시,토요일,대구광역시 달서구 진천동,경상사고,0,0,2,0,차대사람 - 횡단중,안전운전불이행,포장 - 건조,맑음,교차로 - 교차로횡단보도내,승합,남,67세,상해없음,보행자,남,18세,경상
2019050400100178,2019년 5월 4일 09시,토요일,대구광역시 서구 평리동,중상사고,0,1,0,0,차대사람 - 기타,안전운전불이행,포장 - 건조,맑음,단일로 - 기타,승용,여,48세,상해없음,보행자,여,64세,중상
2019050400100260,2019년 5월 4일 11시,토요일,대구광역시 북구 읍내동,경상사고,0,0,1,0,차대사람 - 기타,기타,포장 - 건조,맑음,단일로 - 기타,자전거,여,65세,상해없음,보행자,여,38세,경상