사고번호,사고일시,요일,시군구,사고내용,사망자수,중상자수,경상자수,부상신고자수,사고유형,법규위반,노면상태,기상상태,도로형태,가해운전자 차종,가해운전자 성별,가해운전자 연령,가해운전자 상해정도,피해운전자 차종,피해운전자 성별,피해운전자 연령,피해운전자 상해정도
2019090100100048,2019년 9월 1일 01시,일요일,대구광역시 달서구 장기동,경상사고,0,0,1,0,차대사람 - 기타,안전운전불이행,포장 - 건조,맑음,교차로 - 교차로안,승용,남,35세,기타불명,보행자,남,25세,경상
2019090100100062,2019년 9월 1일 02시,일요일,대구광역시 서구 내당동,중상사고,0,1,0,0,차대사람 - 기타,과속,포장 - 건조,맑음,단일로 - 기타,승용,남,44세,상해없음,보행자,남,47세,중상
2019090100100436,2019년 9월 1일 19시,일요일,대구광역시 달서구 호산동,중상사고,0,1,0,0,차대사람 - 횡단중,신호위반,포장 - 건조,맑음,교차로 - 교차로안,이륜,남,27세,상해없음,보행자,남,21세,중상
2019090200100396,2019년 9월 2일 14시,월요일,대구광역시 북구 침산동,중상사고,0,1,0,0,차대사람 - 횡단중,기타,포장 - 건조,맑음,단일로 - 기타,승용,남,74세,상해없음,보행자,남,10세,중상
2019090200100398,2019년 9월 2일 14시,월요일,대구광역시 달서구 두류동,경상사고,0,0,1,0,차대사람 - 기타,기타,포장 - 젖음/습기,비,교차로 - 교차로부근,승용,남,73세,상해없음,보행자,남,60세,경상
2019090200100426,2019년 9월 2일 15시,월요일,대구광역시 수성구 범물동,경상사고,0,0,1,0,차대사람 - 횡단중,안전운전불이행,포장 - 젖음/습기,비,단일로 - 기타,승용,여,53세,상해없음,보행자,여,12세,경상
2019090200100606,2019년 9월 2일 19시,월요일,대구광역시 동구 방촌동,경상사고,0,0,1,0,차대사람 - 횡단중,안전운전불이행,포장 - 젖음/습기,비,교차로 - 교차로안,승용,남,47세,상해없음,보행자,여,23세,경상
2019090200100607,2019년 9월 2일 19시,월요일,대구광역시 북구 관음동,경상사고,0,0,1,0,차대사람 - 횡단중,보행자보호의무위반,포장 - 젖음/습기,비,교차로 - 교차로횡단보도내,승용,여,39세,상해없음,보행자,여,52세,경상
2019090200100663,2019년 9월 2일 20시,월요일,대구광역시 달서구 감삼동,중상사고,0,1,1,0,차대사람 - 기타,안전운전불이행,포장 - 건조,맑음,교차로 - 교차로안,승용,남,31세,상해없음,보행자,여,36세,중상
2019090300100036,2019년 9월 3일 00시,화요일,대구광역시 달서구 감삼동,중상사고,0,1,0,0,차대사람 - 횡단중,안전운전불이행,포장 - 젖음/습기,맑음,단일로 - 기타,승용,여,49세,상해없음,보행자,남,26세,중상
2019090300100045,2019년 9월 3일 01시,화요일,대구광역시 수성구 두산동,경상사고,0,0,1,0,차대사람 - 기타,안전운전불이행,포장 - 젖음/습기,비,단일로 - 기타,승용,남,47세,상해없음,보행자,남,28세,경상
2019090300100076,2019년 9월 3일 05시,화요일,대구광역시 달서구 성당동,부상신고사고,0,0,0,1,차대사람 - 기타,안전운전불이행,포장 - 건조,맑음,기타 - 기타,승용,여,34세,상해없음,보행자,남,81세,부상신고
2019090300100113,2019년 9월 3일 07시,화요일,대구광역시 서구 내당동,경상사고,0,0,1,0,차대사람 - 횡단중,안전운전불이행,포장 - 젖음/습기,비,교차로 - 교차로부근,승용,여,58세,상해없음,보행자,여,16세,경상
2019090300100212,2019년 9월 3일 10시,화요일,대구광역시 남구 봉덕동,중상사고,0,1,0,0,차대사람 - 횡단중,보행자보호의무위반,포장 - 젖음/습기,비,교차로 - 교차로안,승용,여,55세,상해없음,보행자,여,66세,중상
2019090300100213,2019년 9월 3일 10시,화요일,대구광역시 수성구 범어동,경상사고,0,0,1,0,차대사람 - 기타,안전운전불이행,포장 - 젖음/습기,비,기타 - 기타,승용,남,33세,상해없음,보행자,남,36세,경상
2019090300100318,2019년 9월 3일 13시,화요일,대구광역시 서구 중리동,경상사고,0,0,1,0,차대사람 - 횡단중,보행자보호의무위반,포장 - 건조,맑음,단일로 - 기타,승용,남,62세,기타불명,보행자,남,32세,경상
2019090300100394,2019년 9월 3일 15시,화요일,대구광역시 남구 대명동,경상사고,0,0,1,0,차대사람 - 기타,안전운전불이행,포장 - 건조,맑음,단일로 - 기타,승용,남,38세,상해없음,보행자,남,18세,경상
2019090300100439,2019년 9월 3일 16시,화요일,대구광역시 달서구 본리동,중상사고,0,1,0,0,차대사람 - 기타,안전운전불이행,포장 - 젖음/습기,흐림,주차장 - 주차장,화물,남,38세,상해없음,보행자,여,85세,중상
2019090300100487,2019년 9월 3일 17시,화요일,대구광역시 달서구 월암동,중상사고,0,1,0,0,차대사람 - 기타,보행자보호의무위반,포장 - 건조,맑음,단일로 - 기타,화물,남,36세,상해없음,보행자,남,61세,중상
2019090300100601,2019년 9월 3일 19시,화요일,대구광역시 동구 각산동,중상사고,0,1,0,0,차대사람 - 기타,안전운전불이행,포장 - 젖음/습기,맑음,기타 - 기타,승용,남,77세,기타불명,보행자,남,69세,중상
2019090400100144,2019년 9월 4일 08시,수요일,대구광역시 남구 봉덕동,경상사고,0,0,1,0,차대사람 - 기타,안전운전불이행,포장 - 건조,맑음,단일로 - 기타,승용,여,60세,상해없음,보행자,여,42세,경상
2019090400100217,2019년 9월 4일 10시,수요일,대구광역시 북구 복현동,경상사고,0,0,1,0,차대사람 - 보도통행중,기타,포장 - 건조,맑음,단일로 - 기타,자전거,기타불명,미분류,기타불명,보행자,남,46세,경상
2019090400100406,2019년 9월 4일 16시,수요일,대구광역시 달서구 장기동,경상사고,0,0,1,0,차대사람 - 기타,기타,포장 - 건조,맑음,기타 - 기타,승용,남,74세,상해없음,보행자,여,48세,경상
2019090400100451,2019년 9월 4일 17시,수요일,대구광역시 북구 복현동,경상사고,0,0,1,0,차대사람 - 횡단중,안전운전불이행,포장 - 건조,맑음,단일로 - 기타,승용,여,58세,상해없음,보행자,남,22세,경상
2019090400100502,2019년 9월 4일 18시,수요일,대구광역시 서구 원대동3가,중상사고,0,1,0,0,차대사람 - 기타,기타,포장 - 건조,맑음,단일로 - 기타,화물,남,58세,상해없음,보행자,여,15세,중상
2019090400100548,2019년 9월 4일 19시,수요일,대구광역시 북구 동변동,경상사고,0,0,1,0,차대사람 - 횡단중,보행자보호의무위반,포장 - 건조,맑음,교차로 - 교차로횡단보도내,승용,남,36세,상해없음,보행자,남,26세,경상
2019090400100628,2019년 9월 4일 21시,수요일,대구광역시 서구 비산동,경상사고,0,0,1,0,차대사람 - 보도통행중,기타,포장 - 젖음/습기,비,단일로 - 기타,이륜,남,43세,상해없음,보행자,남,69세,경상
2019090400100661,2019년 9월 4일 22시,수요일,대구광역시 동구 내동,중상사고,0,1,0,0,차대사람 - 기타,안전운전불이행,포장 - 건조,맑음,단일로 - 기타,승합,남,35세,상해없음,보행자,여,67세,중상
2019090500100068,2019년 9월 5일 03시,목요일,대구광역시 북구 산격동,중상사고,0,1,0,0,차대사람 - 기타,안전운전불이행,포장 - 건조,맑음,단일로 - 기타,승용,남,53세,상해없음,보행자,남,24세,중상
2019090500100125,2019년 9월 5일 07시,목요일,대구광역시 달서구 두류동,중상사고,0,1,0,0,차대사람 - 기타,안전운전불이행,포장 - 건조,맑음,기타 - 기타,이륜,남,44세,기타불명,보행자,여,79세,중상
2019090500100180,2019년 9월 5일 08시,목요일,대구광역시 동구 신서동,경상사고,0,0,1,0,차대사람 - 보도통행중,안전운전불이행,포장 - 건조,맑음,단일로 - 기타,승용,남,32세,상해없음,보행자,남,56세,경상
2019090500100181,2019년 9월 5일 08시,목요일,대구광역시 달서구 감삼동,중상사고,0,1,0,0,차대사람 - 보도통행중,안전운전불이행,포장 - 건조,맑음,단일로 - 기타,화물,남,64세,상해없음,보행자,여,90세 이상,중상
2019090500100220,2019년 9월 5일 09시,목요일,대구광역시 서구 내당동,중상사고,0,1,0,0,차대사람 - 횡단중,신호위반,포장 - 건조,맑음,단일로 - 기타,이륜,남,17세,상해없음,보행자,여,21세,중상
2019090500100248,2019년 9월 5일 10시,목요일,대구광역시 남구 봉덕동,중상사고,0,1,0,0,차대사람 - 차도통행중,안전운전불이행,포장 - 건조,맑음,단일로 - 기타,이륜,남,33세,상해없음,보행자,여,78세,중상
2019090500100250,2019년 9월 5일 10시,목요일,대구광역시 서구 원대동3가,부상신고사고,0,0,0,1,차대사람 - 길가장자리구역통행중,안전운전불이행,포장 - 건조,맑음,단일로 - 기타,화물,남,57세,상해없음,보행자,여,39세,부상신고
2019090500100416,2019년 9월 5일 15시,목요일,대구광역시 수성구 신매동,경상사고,0,0,1,0,차대사람 - 길가장자리구역통행중,안전운전불이행,포장 - 젖음/습기,비,단일로 - 기타,승용,여,41세,상해없음,보행자,여,10세,경상
2019090500100459,2019년 9월 5일 16시,목요일,대구광역시 수성구 지산동,경상사고,0,0,1,0,차대사람 - 차도통행중,기타,포장 - 젖음/습기,흐림,단일로 - 기타,승용,여,53세,상해없음,보행자,여,15세,경상
2019090500100548,2019년 9월 5일 18시,목요일,대구광역시 달서구 진천동,부상신고사고,0,0,0,1,차대사람 - 기타,안전운전불이행,포장 - 건조,맑음,단일로 - 기타,승합,남,61세,상해없음,보행자,남,74세,부상신고
2019090500100591,2019년 9월 5일 19시,목요일,대구광역시 달서구 두류동,중상사고,0,1,0,0,차대사람 - 횡단중,보행자보호의무위반,포장 - 건조,맑음,기타 - 기타,승용,남,56세,상해없음,보행자,남,29세,중상
2019090500100632,2019년 9월 5일 20시,목요일,대구광역시 달서구 두류동,경상사고,0,0,1,0,차대사람 - 기타,안전운전불이행,포장 - 건조,맑음,교차로 - 교차로부근,승용,남,65세,상해없음,보행자,남,61세,경상
2019090600100157,2019년 9월 6일 09시,금요일,대구광역시 수성구 매호동,경상사고,0,0,1,0,차대사람 - 기타,안전운전불이행,포장 - 건조,맑음,단일로 - 기타,승용,남,36세,기타불명,보행자,남,27세,경상
2019090600100214,2019년 9월 6일 11시,금요일,대구광역시 북구 칠성동1가,중상사고,0,1,0,0,차대사람 - 횡단중,안전운전불이행,포장 - 건조,맑음,단일로 - 기타,이륜,남,25세,상해없음,보행자,여,62세,중상
2019090600100246,2019년 9월 6일 12시,금요일,대구광역시 달서구 월암동,경상사고,0,0,1,0,차대사람 - 기타,안전운전불이행,포장 - 건조,맑음,교차로 - 교차로횡단보도내,화물,남,50세,상해없음,보행자,남,37세,경상
2019090600100314,2019년 9월 6일 14시,금요일,대구광역시 동구 율하동,중상사고,0,1,0,0,차대사람 - 횡단중,신호위반,포장 - 건조,맑음,단일로 - 기타,이륜,남,37세,상해없음,보행자,여,62세,중상
2019090600100406,2019년 9월 6일 16시,금요일,대구광역시 수성구 만촌동,경상사고,0,0,1,0,차대사람 - 횡단중,안전운전불이행,포장 - 건조,맑음,단일로 - 기타,승용,남,50세,상해없음,보행자,남,10세,경상
2019090600100407,2019년 9월 6일 16시,금요일,대구광역시 중구 포정동,경상사고,0,0,1,0,차대사람 - 기타,안전운전불이행,포장 - 건조,맑음,단일로 - 기타,승합,남,59세,상해없음,보행자,남,82세,경상
2019090600100506,2019년 9월 6일 18시,금요일,대구광역시 달서구 대곡동,경상사고,0,0,1,0,차대사람 - 횡단중,안전운전불이행,포장 - 건조,맑음,단일로 - 기타,이륜,남,27세,상해없음,보행자,남,49세,경상
2019090600100607,2019년 9월 6일 20시,금요일,대구광역시 달서구 대천동,경상사고,0,0,1,0,차대사람 - 횡단중,보행자보호의무위반,포장 - 건조,맑음,교차로 - 교차로횡단보도내,승용,여,45세,상해없음,보행자,남,10세,경상
2019090600100610,2019년 9월 6일 20시,금요일,대구광역시 중구 남산동,부상신고사고,0,0,0,1,차대사람 - 길가장자리구역통행중,안전운전불이행,포장 - 건조,맑음,기타 - 기타,기타불명,기타불명,미분류,기타불명,보행자,남,76세,부상신고
2019090600100719,2019년 9월 6일 23시,금요일,대구광역시 북구 구암동,경상사고,0,0,1,0,차대사람 - 기타,안전운전불이행,포장 - 건조,흐림,교차로 - 교차로부근,승용,남,52세,상해없음,보행자,남,60세,경상
2019090700100237,2019년 9월 7일 11시,토요일,대구광역시 남구 대명동,중상사고,0,1,0,0,차대사람 - 기타,기타,포장 - 젖음/습기,비,단일로 - 지하차도(도로)내,승용,남,65세,상해없음,보행자,여,51세,중상
2019090700100376,2019년 9월 7일 17시,토요일,대구광역시 동구 미대동,경상사고,0,0,1,0,차대사람 - 기타,안전운전불이행,포장 - 건조,맑음,단일로 - 기타,승용,남,56세,상해없음,보행자,여,59세,경상
2019090700100429,2019년 9월 7일 19시,토요일,대구광역시 북구 태전동,경상사고,0,0,1,0,차대사람 - 기타,안전운전불이행,포장 - 건조,맑음,단일로 - 기타,승용,남,39세,상해없음,보행자,남,42세,경상
2019090700100455,2019년 9월 7일 20시,토요일,대구광역시 달서구 월성동,경상사고,0,0,2,0,차대사람 - 차도통행중,안전운전불이행,포장 - 건조,맑음,단일로 - 기타,승용,여,61세,경상,보행자,여,90세 이상,경상
2019090700100456,2019년 9월 7일 20시,토요일,대구광역시 중구 봉산동,경상사고,0,0,1,0,차대사람 - 길가장자리구역통행중,신호위반,포장 - 건조,맑음,단일로 - 기타,자전거,남,51세,상해없음,보행자,여,38세,경상
2019090800100050,2019년 9월 8일 02시,일요일,대구광역시 중구 삼덕동1가,경상사고,0,0,1,0,차대사람 - 길가장자리구역통행중,안전운전불이행,포장 - 건조,맑음,교차로 - 교차로부근,승용,남,25세,상해없음,보행자,남,23세,경상
2019090800100064,2019년 9월 8일 04시,일요일,대구광역시 달서구 두류동,중상사고,0,1,1,1,차대사람 - 횡단중,안전운전불이행,포장 - 건조,맑음,교차로 - 교차로안,승용,여,71세,경상,보행자,남,22세,중상
2019090800100139,2019년 9월 8일 10시,일요일,대구광역시 수성구 시지동,중상사고,0,1,0,0,차대사람 - 횡단중,보행자보호의무위반,포장 - 건조,맑음,교차로 - 교차로횡단보도내,승용,남,76세,상해없음,보행자,여,55세,중상
2019090800100140,2019년 9월 8일 10시,일요일,대구광역시 달성군 다사읍,경상사고,0,0,1,0,차대사람 - 횡단중,안전운전불이행,포장 - 건조,맑음,단일로 - 기타,승용,여,67세,상해없음,보행자,여,79세,경상
2019090800100197,2019년 9월 8일 12시,일요일,대구광역시 동구 신천동,경상사고,0,0,1,0,차대사람 - 기타,안전운전불이행,포장 - 건조,맑음,단일로 - 기타,승용,남,41세,상해없음,보행자,여,41세,경상
2019090900100238,2019년 9월 9일 10시,월요일,대구광역시 남구 대명동,경상사고,0,0,1,0,차대사람 - 차도통행중,안전운전불이행,포장 - 건조,맑음,단일로 - 기타,승용,남,69세,상해없음,보행자,여,45세,경상
2019090900100449,2019년 9월 9일 15시,월요일,대구광역시 수성구 지산동,경상사고,0,0,1,0,차대사람 - 기타,안전운전불이행,포장 - 건조,맑음,단일로 - 기타,승용,여,54세,상해없음,보행자,여,47세,경상
2019090900100537,2019년 9월 9일 17시,월요일,대구광역시 동구 방촌동,중상사고,0,1,0,0,차대사람 - 기타,안전운전불이행,포장 - 건조,맑음,교차로 - 교차로부근,승용,남,46세,상해없음,보행자,여,86세,중상
2019090900100592,2019년 9월 9일 18시,월요일,대구광역시 동구 방촌동,부상신고사고,0,0,0,1,차대사람 - 기타,안전운전불이행,포장 - 건조,맑음,단일로 - 기타,화물,남,27세,상해없음,보행자,여,63세,부상신고
2019091000100184,2019년 9월 10일 08시,화요일,대구광역시 서구 중리동,중상사고,0,1,0,0,차대사람 - 횡단중,안전운전불이행,포장 - 건조,맑음,단일로 - 기타,승용,남,68세,상해없음,보행자,여,78세,중상
2019091000100242,2019년 9월 10일 09시,화요일,대구광역시 수성구 범어동,중상사고,0,1,0,0,차대사람 - 횡단중,안전운전불이행,포장 - 건조,맑음,단일로 - 기타,승용,여,67세,상해없음,보행자,남,77세,중상
2019091000100406,2019년 9월 10일 13시,화요일,대구광역시 남구 봉덕동,중상사고,0,1,0,0,차대사람 - 기타,안전운전불이행,포장 - 건조,맑음,교차로 - 교차로부근,승용,여,61세,상해없음,보행자,여,74세,중상
2019091000100448,2019년 9월 10일 14시,화요일,대구광역시 남구 대명동,경상사고,0,0,1,0,차대사람 - 기타,보행자보호의무위반,포장 - 건조,맑음,단일로 - 기타,승용,여,37세,상해없음,보행자,남,8세,경상
2019091000100492,2019년 9월 10일 15시,화요일,대구광역시 동구 검사동,중상사고,0,1,0,0,차대사람 - 횡단중,신호위반,포장 - 건조,맑음,교차로 - 교차로안,이륜,남,75세,상해없음,보행자,여,85세,중상
2019091000100819,2019년 9월 10일 22시,화요일,대구광역시 서구 원대동3가,중상사고,0,1,0,0,차대사람 - 횡단중,보행자보호의무위반,포장 - 건조,맑음,교차로 - 교차로횡단보도내,화물,남,66세,상해없음,보행자,여,49세,중상
2019091000100851,2019년 9월 10일 23시,화요일,대구광역시 수성구 두산동,경상사고,0,0,1,0,차대사람 - 기타,안전운전불이행,포장 - 건조,맑음,단일로 - 기타,승용,남,52세,상해없음,보행자,남,48세,경상
2019091100100048,2019년 9월 11일 00시,수요일,대구광역시 서구 원대동1가,경상사고,0,0,1,0,차대사람 - 기타,안전운전불이행,포장 - 건조,맑음,교차로 - 교차로안,승용,남,30세,상해없음,보행자,남,24세,경상
2019091100100079,2019년 9월 11일 02시,수요일,대구광역시 동구 신천동,중상사고,0,1,0,0,차대사람 - 기타,안전운전불이행,포장 - 건조,맑음,기타 - 기타,이륜,남,24세,상해없음,보행자,남,34세,중상
2019091100100152,2019년 9월 11일 07시,수요일,대구광역시 수성구 신매동,경상사고,0,0,1,0,차대사람 - 기타,안전운전불이행,포장 - 건조,맑음,교차로 - 교차로횡단보도내,승용,남,51세,상해없음,보행자,남,13세,경상
2019091100100186,2019년 9월 11일 08시,수요일,대구광역시 달서구 송현동,중상사고,0,1,0,0,차대사람 - 기타,안전운전불이행,포장 - 건조,맑음,단일로 - 기타,승용,남,40세,상해없음,보행자,여,16세,중상
2019091100100558,2019년 9월 11일 16시,수요일,대구광역시 남구 대명동,경상사고,0,0,1,0,차대사람 - 보도통행중,안전운전불이행,포장 - 건조,맑음,기타 - 기타,승용,여,67세,상해없음,보행자,남,16세,경상
2019091100100808,2019년 9월 11일 21시,수요일,대구광역시 서구 비산동,경상사고,0,0,1,0,차대사람 - 기타,안전운전불이행,포장 - 건조,맑음,단일로 - 기타,이륜,남,19세,상해없음,보행자,여,60세,경상
2019091200100046,2019년 9월 12일 01시,목요일,대구광역시 남구 이천동,경상사고,0,0,1,0,차대사람 - 횡단중,안전운전불이행,포장 - 건조,맑음,교차로 - 교차로부근,승용,남,45세,상해없음,보행자,남,38세,경상
2019091200100068,2019년 9월 12일 03시,목요일,대구광역시 북구 침산동,중상사고,0,1,0,0,차대사람 - 횡단중,신호위반,포장 - 건조,맑음,단일로 - 기타,승용,여,69세,상해없음,보행자,여,59세,중상
2019091200100156,2019년 9월 12일 09시,목요일,대구광역시 동구 지저동,중상사고,0,1,0,0,차대사람 - 횡단중,보행자보호의무위반,포장 - 젖음/습기,비,교차로 - 교차로안,화물,남,67세,상해없음,보행자,남,86세,중상
2019091200100303,2019년 9월 12일 14시,목요일,대구광역시 남구 대명동,경상사고,0,0,1,0,차대사람 - 기타,안전운전불이행,포장 - 젖음/습기,흐림,교차로 - 교차로안,승용,남,53세,상해없음,보행자,남,25세,경상
2019091200100479,2019년 9월 12일 20시,목요일,대구광역시 서구 내당동,중상사고,0,1,0,0,차대사람 - 횡단중,안전운전불이행,포장 - 건조,맑음,단일로 - 기타,승용,남,32세,상해없음,보행자,남,6세,중상
2019091300100261,2019년 9월 13일 14시,금요일,대구광역시 달서구 두류동,경상사고,0,0,1,1,차대사람 - 횡단중,안전운전불이행,포장 - 건조,맑음,단일로 - 기타,승용,남,70세,상해없음,보행자,남,51세,부상신고
2019091300100292,2019년 9월 13일 15시,금요일,대구광역시 남구 대명동,경상사고,0,0,1,0,차대사람 - 기타,기타,포장 - 건조,맑음,단일로 - 기타,승용,남,69세,상해없음,보행자,여,56세,경상
2019091300100348,2019년 9월 13일 17시,금요일,대구광역시 동구 용수동,중상사고,0,1,0,0,차대사람 - 길가장자리구역통행중,안전운전불이행,포장 - 건조,맑음,단일로 - 기타,승용,남,49세,상해없음,보행자,남,41세,중상
2019091300100424,2019년 9월 13일 21시,금요일,대구광역시 달서구 이곡동,중상사고,0,1,0,0,차대사람 - 횡단중,안전운전불이행,포장 - 건조,맑음,기타 - 기타,승용,남,64세,상해없음,보행자,남,48세,중상
2019091400100020,2019년 9월 14일 00시,토요일,대구광역시 남구 대명동,중상사고,0,1,0,0,차대사람 - 차도통행중,안전운전불이행,포장 - 건조,맑음,단일로 - 기타,승용,남,67세,상해없음,보행자,남,36세,중상
2019091400100267,2019년 9월 14일 16시,토요일,대구광역시 달서구 송현동,경상사고,0,0,1,0,차대사람 - 횡단중,안전운전불이행,포장 - 건조,맑음,단일로 - 기타,승용,남,27세,상해없음,보행자,남,51세,경상
2019091500100048,2019년 9월 15일 02시,일요일,대구광역시 서구 비산동,중상사고,0,1,0,0,차대사람 - 횡단중,보행자보호의무위반,포장 - 건조,맑음,교차로 - 교차로부근,승용,남,60세,상해없음,보행자,남,58세,중상
2019091500100049,2019년 9월 15일 02시,일요일,대구광역시 중구 삼덕동1가,경상사고,0,0,1,0,차대사람 - 기타,안전운전불이행,포장 - 건조,맑음,단일로 - 기타,승용,남,21세,상해없음,보행자,남,25세,경상
2019091500100150,2019년 9월 15일 11시,일요일,대구광역시 남구 대명동,중상사고,0,1,0,0,차대사람 - 횡단중,신호위반,포장 - 건조,맑음,단일로 - 기타,승용,남,62세,상해없음,보행자,여,28세,중상
2019091500100151,2019년 9월 15일 11시,일요일,대구광역시 달서구 두류동,경상사고,0,0,1,0,차대사람 - 기타,안전운전불이행,포장 - 건조,맑음,단일로 - 기타,승용,여,47세,상해없음,보행자,남,23세,경상
2019091500100170,2019년 9월 15일 12시,일요일,대구광역시 중구 덕산동,사망사고,1,0,0,0,차대사람 - 횡단중,신호위반,포장 - 건조,맑음,교차로 - 교차로안,승합,남,66세,상해없음,보행자,남,78세,사망
2019091500100262,2019년 9월 15일 15시,일요일,대구광역시 달서구 이곡동,경상사고,0,0,1,0,차대사람 - 기타,안전운전불이행,포장 - 기타,맑음,기타 - 기타,자전거,여,10세,상해없음,보행자,남,4세,경상
2019091500100352,2019년 9월 15일 18시,일요일,대구광역시 동구 신기동,경상사고,0,0,1,0,차대사람 - 횡단중,안전운전불이행,포장 - 건조,맑음,단일로 - 기타,이륜,남,19세,상해없음,보행자,남,79세,경상
2019091500100353,2019년 9월 15일 18시,일요일,대구광역시 달서구 이곡동,경상사고,0,0,2,0,차대사람 - 횡단중,신호위반,포장 - 건조,맑음,단일로 - 기타,이륜,남,51세,경상,보행자,남,19세,경상
2019091500100406,2019년 9월 15일 20시,일요일,대구광역시 동구 신암동,경상사고,0,0,1,0,차대사람 - 횡단중,보행자보호의무위반,포장 - 건조,맑음,교차로 - 교차로횡단보도내,승용,남,76세,상해없음,보행자,여,50세,경상
2019091600100202,2019년 9월 16일 09시,월요일,대구광역시 동구 신암동,경상사고,0,0,1,0,차대사람 - 기타,안전운전불이행,포장 - 건조,맑음,단일로 - 기타,승용,남,25세,상해없음,보행자,남,29세,경상
2019091600100256,2019년 9월 16일 11시,월요일,대구광역시 달서구 월성동,중상사고,0,1,0,0,차대사람 - 횡단중,보행자보호의무위반,포장 - 건조,맑음,단일로 - 기타,승용,남,65세,상해없음,보행자,여,69세,중상
2019091600100257,2019년 9월 16일 11시,월요일,대구광역시 달성군 화원읍,경상사고,0,0,1,0,차대사람 - 기타,안전운전불이행,포장 - 건조,맑음,단일로 - 기타,화물,남,48세,상해없음,보행자,여,82세,경상
2019091600100291,2019년 9월 16일 12시,월요일,대구광역시 달서구 상인동,경상사고,0,0,1,0,차대사람 - 기타,안전운전불이행,포장 - 건조,맑음,단일로 - 기타,승용,남,42세,상해없음,보행자,남,26세,경상
2019091600100292,2019년 9월 16일 12시,월요일,대구광역시 중구 봉산동,경상사고,0,0,1,0,차대사람 - 횡단중,보행자보호의무위반,포장 - 건조,맑음,교차로 - 교차로횡단보도내,승용,남,70세,상해없음,보행자,여,65세,경상
2019091600100368,2019년 9월 16일 14시,월요일,대구광역시 남구 대명동,부상신고사고,0,0,0,1,차대사람 - 차도통행중,안전운전불이행,포장 - 건조,맑음,단일로 - 기타,자전거,남,20세,상해없음,보행자,남,76세,부상신고
2019091600100407,2019년 9월 16일 15시,월요일,대구광역시 달서구 대천동,경상사고,0,0,1,0,차대사람 - 횡단중,보행자보호의무위반,포장 - 건조,맑음,교차로 - 교차로안,승용,남,53세,상해없음,보행자,여,8세,경상
2019091600100497,2019년 9월 16일 17시,월요일,대구광역시 수성구 황금동,중상사고,0,1,0,0,차대사람 - 기타,안전운전불이행,포장 - 건조,맑음,단일로 - 기타,승용,여,25세,상해없음,보행자,남,2세,중상
2019091600100591,2019년 9월 16일 19시,월요일,대구광역시 달성군 하빈면,사망사고,1,0,0,0,차대사람 - 횡단중,안전운전불이행,포장 - 건조,맑음,단일로 - 기타,승용,남,28세,상해없음,보행자,여,63세,사망
2019091600100592,2019년 9월 16일 19시,월요일,대구광역시 북구 칠성동1가,중상사고,0,1,0,0,차대사람 - 횡단중,안전운전불이행,포장 - 건조,맑음,단일로 - 기타,승용,남,19세,상해없음,보행자,남,67세,중상
2019091600100614,2019년 9월 16일 20시,월요일,대구광역시 수성구 신매동,경상사고,0,0,1,0,차대사람 - 횡단중,보행자보호의무위반,포장 - 건조,맑음,교차로 - 교차로횡단보도내,승용,남,61세,상해없음,보행자,여,22세,경상
2019091700100158,2019년 9월 17일 08시,화요일,대구광역시 서구 원대동3가,중상사고,0,1,0,0,차대사람 - 길가장자리구역통행중,안전운전불이행,포장 - 건조,맑음,단일로 - 기타,이륜,남,84세,상해없음,보행자,여,10세,중상
2019091700100216,2019년 9월 17일 09시,화요일,대구광역시 서구 평리동,경상사고,0,0,1,0,차대사람 - 횡단중,보행자보호의무위반,포장 - 건조,맑음,교차로 - 교차로부근,화물,남,76세,상해없음,보행자,여,38세,경상
2019091700100382,2019년 9월 17일 14시,화요일,대구광역시 북구 대현동,부상신고사고,0,0,0,1,차대사람 - 횡단중,보행자보호의무위반,포장 - 건조,맑음,단일로 - 기타,승용,여,48세,상해없음,보행자,여,61세,부상신고
2019091700100420,2019년 9월 17일 15시,화요일,대구광역시 동구 신암동,경상사고,0,0,1,0,차대사람 - 횡단중,안전운전불이행,포장 - 건조,맑음,단일로 - 기타,승용,여,36세,상해없음,보행자,여,8세,경상
2019091700100504,2019년 9월 17일 17시,화요일,대구광역시 남구 봉덕동,중상사고,0,1,0,0,차대사람 - 횡단중,보행자보호의무위반,포장 - 건조,맑음,교차로 - 교차로횡단보도내,승용,남,44세,상해없음,보행자,남,65세,중상
2019091700100506,2019년 9월 17일 17시,화요일,대구광역시 동구 방촌동,중상사고,0,1,0,0,차대사람 - 기타,안전운전불이행,포장 - 건조,맑음,교차로 - 교차로안,승용,여,61세,상해없음,보행자,남,51세,중상
2019091700100551,2019년 9월 17일 18시,화요일,대구광역시 동구 신천동,경상사고,0,0,1,0,차대사람 - 길가장자리구역통행중,안전운전불이행,포장 - 건조,맑음,단일로 - 기타,승용,남,26세,상해없음,보행자,남,53세,경상
2019091700100607,2019년 9월 17일 19시,화요일,대구광역시 동구 율하동,중상사고,0,1,0,0,차대사람 - 차도통행중,안전운전불이행,포장 - 건조,맑음,교차로 - 교차로부근,승용,여,48세,상해없음,보행자,남,85세,중상