사고번호,사고일시,요일,시군구,사고내용,사망자수,중상자수,경상자수,부상신고자수,사고유형,법규위반,노면상태,기상상태,도로형태,가해운전자 차종,가해운전자 성별,가해운전자 연령,가해운전자 상해정도,피해운전자 차종,피해운전자 성별,피해운전자 연령,피해운전자 상해정도
2019112900100776,2019년 11월 29일 21시,금요일,대구광역시 달서구 두류동,중상사고,0,1,0,0,차대사람 - 기타,안전운전불이행,포장 - 건조,맑음,단일로 - 기타,승용,남,27세,상해없음,보행자,남,29세,중상
2019113000100115,2019년 11월 30일 05시,토요일,대구광역시 달서구 상인동,사망사고,1,0,0,0,차대사람 - 횡단중,안전운전불이행,포장 - 건조,맑음,단일로 - 기타,승용,여,54세,상해없음,보행자,여,77세,사망
2019113000100146,2019년 11월 30일 07시,토요일,대구광역시 북구 매천동,중상사고,0,1,0,0,차대사람 - 횡단중,안전운전불이행,포장 - 건조,맑음,교차로 - 교차로부근,화물,남,75세,상해없음,보행자,남,70세,중상
2019113000100350,2019년 11월 30일 13시,토요일,대구광역시 서구 평리동,경상사고,0,0,1,0,차대사람 - 기타,안전운전불이행,포장 - 건조,맑음,단일로 - 기타,승용,여,64세,상해없음,보행자,남,43세,경상
2019113000100583,2019년 11월 30일 18시,토요일,대구광역시 동구 효목동,경상사고,0,0,1,0,차대사람 - 길가장자리구역통행중,안전운전불이행,포장 - 건조,맑음,교차로 - 교차로부근,승용,남,59세,상해없음,보행자,여,19세,경상
2019113000100584,2019년 11월 30일 18시,토요일,대구광역시 수성구 황금동,경상사고,0,0,1,0,차대사람 - 길가장자리구역통행중,안전운전불이행,포장 - 건조,맑음,단일로 - 기타,승용,남,50세,상해없음,보행자,남,56세,경상
2019113000100619,2019년 11월 30일 19시,토요일,대구광역시 동구 신천동,경상사고,0,0,1,0,차대사람 - 차도통행중,신호위반,포장 - 건조,맑음,단일로 - 기타,승용,남,68세,상해없음,보행자,남,22세,경상
2019113000100622,2019년 11월 30일 19시,토요일,대구광역시 북구 읍내동,중상사고,0,1,0,0,차대사람 - 기타,안전운전불이행,포장 - 건조,맑음,단일로 - 기타,승용,남,52세,상해없음,보행자,남,54세,중상
2019113000100721,2019년 11월 30일 23시,토요일,대구광역시 수성구 지산동,경상사고,0,0,1,0,차대사람 - 보도통행중,기타,포장 - 건조,맑음,단일로 - 기타,승용,남,49세,상해없음,보행자,남,22세,경상
2019120100100060,2019년 12월 1일 01시,일요일,대구광역시 달서구 두류동,경상사고,0,0,1,0,차대사람 - 길가장자리구역통행중,안전운전불이행,포장 - 건조,맑음,단일로 - 기타,기타불명,기타불명,미분류,기타불명,보행자,남,23세,경상
2019120100100075,2019년 12월 1일 02시,일요일,대구광역시 중구 삼덕동1가,경상사고,0,0,1,0,차대사람 - 길가장자리구역통행중,안전운전불이행,포장 - 건조,맑음,단일로 - 기타,승용,남,23세,상해없음,보행자,남,23세,경상
2019120100100289,2019년 12월 1일 14시,일요일,대구광역시 동구 서호동,중상사고,0,1,0,0,차대사람 - 횡단중,안전운전불이행,포장 - 건조,맑음,교차로 - 교차로안,승용,남,49세,상해없음,보행자,남,65세,중상
2019120100100498,2019년 12월 1일 19시,일요일,대구광역시 달서구 진천동,경상사고,0,0,1,0,차대사람 - 기타,안전운전불이행,포장 - 젖음/습기,비,주차장 - 주차장,화물,남,55세,상해없음,보행자,남,43세,경상
2019120100100499,2019년 12월 1일 19시,일요일,대구광역시 달성군 다사읍,경상사고,0,0,1,0,차대사람 - 횡단중,안전운전불이행,포장 - 젖음/습기,비,단일로 - 기타,화물,남,43세,상해없음,보행자,여,14세,경상
2019120100100601,2019년 12월 1일 23시,일요일,대구광역시 수성구 지산동,경상사고,0,0,1,0,차대사람 - 차도통행중,안전운전불이행,포장 - 젖음/습기,비,기타 - 기타,승용,남,33세,상해없음,보행자,남,22세,경상
2019120200100047,2019년 12월 2일 02시,월요일,대구광역시 동구 지저동,경상사고,0,0,1,0,차대사람 - 기타,보행자보호의무위반,포장 - 건조,맑음,단일로 - 기타,승용,남,67세,상해없음,보행자,여,8세,경상
2019120200100347,2019년 12월 2일 15시,월요일,대구광역시 중구 대신동,중상사고,0,1,0,0,차대사람 - 기타,기타,포장 - 건조,맑음,단일로 - 기타,승합,남,53세,상해없음,보행자,여,76세,중상
2019120200100455,2019년 12월 2일 17시,월요일,대구광역시 동구 신서동,경상사고,0,0,1,0,차대사람 - 횡단중,보행자보호의무위반,포장 - 건조,맑음,교차로 - 교차로횡단보도내,승용,여,71세,상해없음,보행자,남,15세,경상
2019120200100516,2019년 12월 2일 18시,월요일,대구광역시 달서구 상인동,경상사고,0,0,1,0,차대사람 - 기타,안전운전불이행,포장 - 건조,맑음,단일로 - 기타,승용,남,50세,상해없음,보행자,남,22세,경상
2019120200100624,2019년 12월 2일 22시,월요일,대구광역시 달서구 상인동,부상신고사고,0,0,0,1,차대사람 - 기타,안전운전불이행,포장 - 건조,맑음,교차로 - 교차로안,승용,남,43세,상해없음,보행자,남,49세,부상신고
2019120300100103,2019년 12월 3일 07시,화요일,대구광역시 달서구 진천동,경상사고,0,0,1,0,차대사람 - 기타,안전운전불이행,포장 - 건조,맑음,단일로 - 기타,승용,남,68세,상해없음,보행자,남,65세,경상
2019120300100190,2019년 12월 3일 09시,화요일,대구광역시 달서구 상인동,중상사고,0,1,1,0,차대사람 - 횡단중,신호위반,포장 - 건조,맑음,단일로 - 기타,승용,여,42세,상해없음,보행자,여,53세,중상
2019120300100282,2019년 12월 3일 12시,화요일,대구광역시 달서구 신당동,중상사고,0,1,0,0,차대사람 - 횡단중,신호위반,포장 - 건조,맑음,교차로 - 교차로횡단보도내,이륜,여,57세,상해없음,보행자,남,69세,중상
2019120300100395,2019년 12월 3일 15시,화요일,대구광역시 동구 율하동,경상사고,0,0,1,0,차대사람 - 횡단중,보행자보호의무위반,포장 - 건조,맑음,교차로 - 교차로횡단보도내,승용,남,52세,상해없음,보행자,남,12세,경상
2019120400100353,2019년 12월 4일 11시,수요일,대구광역시 동구 신천동,중상사고,0,1,0,0,차대사람 - 횡단중,안전운전불이행,포장 - 건조,맑음,단일로 - 기타,승합,남,56세,상해없음,보행자,여,66세,중상
2019120400100383,2019년 12월 4일 12시,수요일,대구광역시 달서구 송현동,경상사고,0,0,1,0,차대사람 - 기타,안전운전불이행,포장 - 건조,맑음,단일로 - 기타,승용,여,40세,상해없음,보행자,남,55세,경상
2019120400100551,2019년 12월 4일 17시,수요일,대구광역시 수성구 수성동3가,경상사고,0,0,1,0,차대사람 - 횡단중,안전운전불이행,포장 - 건조,맑음,교차로 - 교차로부근,승합,남,60세,상해없음,보행자,여,64세,경상
2019120400100553,2019년 12월 4일 17시,수요일,대구광역시 달서구 장기동,중상사고,0,1,0,0,차대사람 - 기타,안전운전불이행,포장 - 건조,맑음,기타 - 기타,건설기계,남,41세,상해없음,보행자,남,48세,중상
2019120400100554,2019년 12월 4일 17시,수요일,대구광역시 달서구 신당동,중상사고,0,1,0,0,차대사람 - 기타,보행자보호의무위반,포장 - 건조,맑음,교차로 - 교차로횡단보도내,승합,남,54세,상해없음,보행자,여,89세,중상
2019120400100605,2019년 12월 4일 18시,수요일,대구광역시 달서구 성당동,중상사고,0,1,0,0,차대사람 - 보도통행중,보행자보호의무위반,포장 - 건조,맑음,교차로 - 교차로횡단보도내,승용,여,35세,상해없음,보행자,여,63세,중상
2019120400100645,2019년 12월 4일 19시,수요일,대구광역시 수성구 범물동,중상사고,0,1,0,0,차대사람 - 횡단중,안전운전불이행,포장 - 건조,맑음,단일로 - 기타,승용,여,51세,상해없음,보행자,여,67세,중상
2019120500100396,2019년 12월 5일 15시,목요일,대구광역시 서구 내당동,경상사고,0,0,1,0,차대사람 - 기타,안전운전불이행,포장 - 건조,맑음,단일로 - 기타,승용,여,71세,상해없음,보행자,여,44세,경상
2019120500100428,2019년 12월 5일 16시,목요일,대구광역시 동구 방촌동,경상사고,0,0,1,0,차대사람 - 횡단중,안전운전불이행,포장 - 건조,맑음,교차로 - 교차로횡단보도내,화물,남,47세,상해없음,보행자,남,60세,경상
2019120500100544,2019년 12월 5일 18시,목요일,대구광역시 동구 신천동,경상사고,0,0,1,0,차대사람 - 보도통행중,안전운전불이행,포장 - 건조,맑음,기타 - 기타,승용,남,54세,상해없음,보행자,남,77세,경상
2019120500100613,2019년 12월 5일 20시,목요일,대구광역시 달서구 이곡동,중상사고,0,2,0,0,차대사람 - 기타,기타,포장 - 건조,맑음,단일로 - 기타,이륜,여,34세,중상,보행자,여,54세,중상
2019120500100681,2019년 12월 5일 23시,목요일,대구광역시 동구 신기동,중상사고,0,1,0,0,차대사람 - 기타,안전운전불이행,포장 - 건조,맑음,단일로 - 기타,승용,남,33세,상해없음,보행자,남,42세,중상
2019120600100198,2019년 12월 6일 09시,금요일,대구광역시 중구 남산동,경상사고,0,0,1,0,차대사람 - 기타,기타,포장 - 건조,맑음,단일로 - 기타,승합,남,59세,상해없음,보행자,남,59세,경상
2019120600100199,2019년 12월 6일 09시,금요일,대구광역시 북구 태전동,경상사고,0,0,1,0,차대사람 - 길가장자리구역통행중,안전운전불이행,포장 - 건조,맑음,단일로 - 기타,승용,여,56세,상해없음,보행자,여,59세,경상
2019120600100334,2019년 12월 6일 13시,금요일,대구광역시 남구 대명동,중상사고,0,1,0,0,차대사람 - 차도통행중,직진우회전진행방해,포장 - 건조,맑음,교차로 - 교차로안,승용,여,44세,상해없음,보행자,여,54세,중상
2019120600100336,2019년 12월 6일 13시,금요일,대구광역시 수성구 만촌동,경상사고,0,0,1,0,차대사람 - 기타,안전운전불이행,포장 - 건조,맑음,단일로 - 기타,승용,여,44세,상해없음,보행자,여,14세,경상
2019120600100369,2019년 12월 6일 14시,금요일,대구광역시 북구 복현동,중상사고,0,1,0,0,차대사람 - 기타,안전운전불이행,포장 - 건조,맑음,교차로 - 교차로안,승용,남,45세,상해없음,보행자,여,73세,중상
2019120600100439,2019년 12월 6일 16시,금요일,대구광역시 동구 율하동,부상신고사고,0,0,0,1,차대사람 - 기타,안전운전불이행,포장 - 건조,맑음,단일로 - 기타,승용,남,44세,상해없음,보행자,남,54세,부상신고
2019120600100441,2019년 12월 6일 16시,금요일,대구광역시 달서구 용산동,중상사고,0,1,0,0,차대사람 - 횡단중,보행자보호의무위반,포장 - 건조,맑음,교차로 - 교차로횡단보도내,화물,남,53세,상해없음,보행자,여,50세,중상
2019120600100488,2019년 12월 6일 17시,금요일,대구광역시 서구 비산동,경상사고,0,0,1,0,차대사람 - 횡단중,보행자보호의무위반,포장 - 건조,맑음,교차로 - 교차로부근,화물,남,61세,상해없음,보행자,여,70세,경상
2019120600100489,2019년 12월 6일 17시,금요일,대구광역시 달서구 이곡동,경상사고,0,0,1,0,차대사람 - 횡단중,신호위반,포장 - 건조,맑음,단일로 - 기타,승용,남,60세,상해없음,보행자,남,59세,경상
2019120600100657,2019년 12월 6일 20시,금요일,대구광역시 수성구 두산동,경상사고,0,0,1,0,차대사람 - 기타,안전운전불이행,포장 - 건조,맑음,단일로 - 기타,승용,남,70세,상해없음,보행자,여,25세,경상
2019120600100726,2019년 12월 6일 22시,금요일,대구광역시 달성군 구지면,중상사고,0,1,0,0,차대사람 - 기타,안전운전불이행,포장 - 건조,맑음,기타 - 기타,승용,남,40세,상해없음,보행자,여,74세,중상
2019120700100119,2019년 12월 7일 06시,토요일,대구광역시 서구 내당동,중상사고,0,1,0,0,차대사람 - 횡단중,안전운전불이행,포장 - 건조,맑음,단일로 - 기타,승용,남,69세,상해없음,보행자,여,77세,중상
2019120700100120,2019년 12월 7일 06시,토요일,대구광역시 서구 비산동,중상사고,0,1,0,0,차대사람 - 횡단중,안전운전불이행,포장 - 건조,맑음,교차로 - 교차로횡단보도내,승용,남,60세,상해없음,보행자,여,78세,중상
2019120700100230,2019년 12월 7일 11시,토요일,대구광역시 달서구 죽전동,경상사고,0,0,1,0,차대사람 - 횡단중,보행자보호의무위반,포장 - 건조,맑음,교차로 - 교차로횡단보도내,승용,남,71세,기타불명,보행자,여,29세,경상
2019120700100348,2019년 12월 7일 14시,토요일,대구광역시 중구 봉산동,경상사고,0,0,1,0,차대사람 - 횡단중,안전운전불이행,포장 - 건조,맑음,단일로 - 기타,승용,여,56세,상해없음,보행자,남,50세,경상
2019120700100375,2019년 12월 7일 15시,토요일,대구광역시 동구 효목동,경상사고,0,0,1,0,차대사람 - 기타,안전운전불이행,포장 - 건조,맑음,단일로 - 기타,자전거,남,51세,상해없음,보행자,여,36세,경상
2019120700100453,2019년 12월 7일 17시,토요일,대구광역시 중구 공평동,경상사고,0,0,1,0,차대사람 - 기타,안전운전불이행,포장 - 건조,맑음,단일로 - 기타,승용,남,50세,상해없음,보행자,여,24세,경상
2019120700100503,2019년 12월 7일 18시,토요일,대구광역시 북구 동천동,중상사고,0,1,0,0,차대사람 - 횡단중,보행자보호의무위반,포장 - 건조,맑음,단일로 - 기타,승용,남,41세,상해없음,보행자,여,54세,중상
2019120700100626,2019년 12월 7일 21시,토요일,대구광역시 북구 대현동,경상사고,0,0,1,0,차대사람 - 차도통행중,안전운전불이행,포장 - 건조,맑음,교차로 - 교차로안,승용,남,24세,상해없음,보행자,남,49세,경상
2019120700100656,2019년 12월 7일 22시,토요일,대구광역시 달서구 도원동,경상사고,0,0,1,0,차대사람 - 횡단중,안전운전불이행,포장 - 건조,맑음,단일로 - 기타,이륜,남,52세,상해없음,보행자,남,50세,경상
2019120800100461,2019년 12월 8일 20시,일요일,대구광역시 수성구 두산동,중상사고,0,1,0,0,차대사람 - 횡단중,보행자보호의무위반,포장 - 건조,맑음,단일로 - 기타,승용,남,60세,상해없음,보행자,남,9세,중상
2019120900100091,2019년 12월 9일 06시,월요일,대구광역시 달서구 호산동,중상사고,0,1,0,0,차대사람 - 횡단중,보행자보호의무위반,포장 - 건조,맑음,교차로 - 교차로횡단보도내,승용,여,52세,상해없음,보행자,남,41세,중상
2019120900100126,2019년 12월 9일 07시,월요일,대구광역시 동구 각산동,중상사고,0,1,0,0,차대사람 - 횡단중,신호위반,포장 - 건조,맑음,교차로 - 교차로안,승용,여,53세,상해없음,보행자,여,39세,중상
2019120900100162,2019년 12월 9일 08시,월요일,대구광역시 남구 대명동,경상사고,0,0,1,0,차대사람 - 길가장자리구역통행중,안전운전불이행,포장 - 건조,맑음,단일로 - 기타,승용,여,57세,기타불명,보행자,남,10세,경상
2019120900100193,2019년 12월 9일 09시,월요일,대구광역시 수성구 만촌동,중상사고,0,1,0,0,차대사람 - 횡단중,안전운전불이행,포장 - 건조,맑음,교차로 - 교차로횡단보도내,승용,여,62세,상해없음,보행자,남,80세,중상
2019120900100194,2019년 12월 9일 09시,월요일,대구광역시 달서구 월성동,중상사고,0,1,0,0,차대사람 - 차도통행중,보행자보호의무위반,포장 - 건조,맑음,교차로 - 교차로부근,승합,남,60세,상해없음,보행자,여,39세,중상
2019120900100224,2019년 12월 9일 10시,월요일,대구광역시 북구 노원동2가,경상사고,0,0,1,0,차대사람 - 보도통행중,기타,포장 - 건조,맑음,단일로 - 기타,기타불명,기타불명,미분류,기타불명,보행자,여,63세,경상
2019120900100292,2019년 12월 9일 12시,월요일,대구광역시 수성구 황금동,경상사고,0,0,1,0,차대사람 - 기타,안전운전불이행,포장 - 건조,맑음,주차장 - 주차장,승용,남,48세,상해없음,보행자,남,25세,경상
2019120900100293,2019년 12월 9일 12시,월요일,대구광역시 북구 산격동,경상사고,0,0,1,0,차대사람 - 기타,기타,포장 - 건조,맑음,기타 - 기타,승용,남,69세,상해없음,보행자,남,55세,경상
2019120900100318,2019년 12월 9일 13시,월요일,대구광역시 동구 지저동,중상사고,0,1,0,0,차대사람 - 횡단중,과속,포장 - 건조,맑음,단일로 - 기타,승용,남,19세,상해없음,보행자,남,75세,중상
2019120900100399,2019년 12월 9일 15시,월요일,대구광역시 동구 신천동,경상사고,0,0,1,0,차대사람 - 기타,안전운전불이행,포장 - 건조,맑음,단일로 - 기타,화물,남,62세,상해없음,보행자,여,54세,경상
2019120900100427,2019년 12월 9일 16시,월요일,대구광역시 동구 효목동,중상사고,0,1,0,0,차대사람 - 길가장자리구역통행중,안전운전불이행,포장 - 건조,맑음,교차로 - 교차로안,승합,남,54세,상해없음,보행자,여,58세,중상
2019120900100428,2019년 12월 9일 16시,월요일,대구광역시 서구 평리동,중상사고,0,1,0,0,차대사람 - 횡단중,안전운전불이행,포장 - 건조,맑음,교차로 - 교차로안,화물,남,46세,상해없음,보행자,여,32세,중상
2019120900100478,2019년 12월 9일 17시,월요일,대구광역시 달서구 성당동,중상사고,0,1,0,0,차대사람 - 기타,기타,포장 - 건조,맑음,단일로 - 기타,승용,여,51세,상해없음,보행자,남,62세,중상
2019120900100560,2019년 12월 9일 19시,월요일,대구광역시 북구 칠성동2가,중상사고,0,1,0,0,차대사람 - 기타,안전운전불이행,포장 - 건조,맑음,기타 - 기타,승용,여,53세,상해없음,보행자,남,31세,중상
2019120900100615,2019년 12월 9일 21시,월요일,대구광역시 달성군 현풍읍,경상사고,0,0,1,0,차대사람 - 횡단중,안전운전불이행,포장 - 건조,맑음,단일로 - 기타,승용,남,53세,상해없음,보행자,남,40세,경상
2019121000100067,2019년 12월 10일 03시,화요일,대구광역시 북구 산격동,경상사고,0,0,1,0,차대사람 - 차도통행중,안전운전불이행,포장 - 건조,맑음,단일로 - 기타,승용,남,27세,상해없음,보행자,남,67세,경상
2019121000100270,2019년 12월 10일 11시,화요일,대구광역시 남구 대명동,경상사고,0,0,1,0,차대사람 - 횡단중,보행자보호의무위반,포장 - 건조,맑음,교차로 - 교차로횡단보도내,승용,남,68세,상해없음,보행자,남,64세,경상
2019121000100273,2019년 12월 10일 11시,화요일,대구광역시 북구 동천동,경상사고,0,0,1,0,차대사람 - 횡단중,신호위반,포장 - 건조,맑음,교차로 - 교차로횡단보도내,이륜,남,62세,상해없음,보행자,남,74세,경상
2019121000100358,2019년 12월 10일 14시,화요일,대구광역시 중구 동인동3가,경상사고,0,0,2,0,차대사람 - 횡단중,보행자보호의무위반,포장 - 건조,맑음,교차로 - 교차로부근,승용,남,20세,상해없음,보행자,여,62세,경상
2019121000100540,2019년 12월 10일 18시,화요일,대구광역시 북구 노원동3가,경상사고,0,0,1,0,차대사람 - 기타,안전운전불이행,포장 - 건조,맑음,교차로 - 교차로안,화물,남,31세,상해없음,보행자,남,52세,경상
2019121000100597,2019년 12월 10일 19시,화요일,대구광역시 달서구 감삼동,사망사고,1,0,0,0,차대사람 - 횡단중,안전운전불이행,포장 - 건조,맑음,단일로 - 기타,승용,남,43세,상해없음,보행자,여,59세,사망
2019121100100097,2019년 12월 11일 06시,수요일,대구광역시 수성구 매호동,중상사고,0,1,0,0,차대사람 - 횡단중,보행자보호의무위반,포장 - 건조,맑음,교차로 - 교차로횡단보도내,화물,남,51세,상해없음,보행자,남,80세,중상
2019121100100329,2019년 12월 11일 14시,수요일,대구광역시 수성구 범어동,중상사고,0,1,0,0,차대사람 - 기타,안전운전불이행,포장 - 건조,맑음,기타 - 기타,승용,남,39세,상해없음,보행자,남,7세,중상
2019121100100510,2019년 12월 11일 18시,수요일,대구광역시 서구 평리동,경상사고,0,0,1,0,차대사람 - 횡단중,보행자보호의무위반,포장 - 건조,맑음,단일로 - 기타,승용,여,54세,상해없음,보행자,여,33세,경상
2019121100100623,2019년 12월 11일 22시,수요일,대구광역시 서구 원대동3가,중상사고,0,1,0,0,차대사람 - 횡단중,신호위반,포장 - 건조,맑음,단일로 - 기타,이륜,남,56세,상해없음,보행자,남,37세,중상
2019121200100402,2019년 12월 12일 15시,목요일,대구광역시 수성구 신매동,경상사고,0,0,1,0,차대사람 - 기타,안전운전불이행,포장 - 건조,맑음,단일로 - 기타,승용,여,46세,상해없음,보행자,여,41세,경상
2019121200100403,2019년 12월 12일 15시,목요일,대구광역시 달서구 대곡동,중상사고,0,1,0,0,차대사람 - 횡단중,안전운전불이행,포장 - 건조,맑음,단일로 - 기타,승용,남,32세,상해없음,보행자,남,67세,중상
2019121200100444,2019년 12월 12일 16시,목요일,대구광역시 달서구 월성동,부상신고사고,0,0,0,1,차대사람 - 횡단중,신호위반,포장 - 건조,맑음,단일로 - 기타,자전거,기타불명,미분류,기타불명,보행자,여,15세,부상신고
2019121200100482,2019년 12월 12일 17시,목요일,대구광역시 수성구 범어동,중상사고,0,1,0,0,차대사람 - 횡단중,보행자보호의무위반,포장 - 건조,맑음,교차로 - 교차로안,승용,여,42세,상해없음,보행자,남,48세,중상
2019121200100483,2019년 12월 12일 17시,목요일,대구광역시 북구 산격동,중상사고,0,1,0,0,차대사람 - 차도통행중,안전운전불이행,포장 - 건조,맑음,교차로 - 교차로부근,승용,여,23세,상해없음,보행자,여,70세,중상
2019121200100484,2019년 12월 12일 17시,목요일,대구광역시 서구 비산동,중상사고,0,1,0,0,차대사람 - 길가장자리구역통행중,안전운전불이행,포장 - 건조,맑음,교차로 - 교차로안,화물,남,51세,상해없음,보행자,남,50세,중상
2019121200100485,2019년 12월 12일 17시,목요일,대구광역시 달서구 신당동,경상사고,0,0,1,0,차대사람 - 기타,교차로운행방법위반,포장 - 건조,맑음,교차로 - 교차로안,승용,남,58세,상해없음,보행자,여,54세,경상
2019121200100562,2019년 12월 12일 18시,목요일,대구광역시 수성구 만촌동,중상사고,0,1,0,0,차대사람 - 횡단중,안전운전불이행,포장 - 건조,맑음,단일로 - 기타,승용,여,62세,상해없음,보행자,남,82세,중상
2019121200100568,2019년 12월 12일 18시,목요일,대구광역시 중구 남산동,중상사고,0,1,0,0,차대사람 - 보도통행중,보행자보호의무위반,포장 - 건조,맑음,교차로 - 교차로안,승용,남,56세,상해없음,보행자,남,57세,중상
2019121200100613,2019년 12월 12일 19시,목요일,대구광역시 달서구 본리동,경상사고,0,0,1,0,차대사람 - 차도통행중,안전운전불이행,포장 - 건조,맑음,교차로 - 교차로안,승용,여,38세,상해없음,보행자,남,36세,경상
2019121300100159,2019년 12월 13일 08시,금요일,대구광역시 서구 내당동,경상사고,0,0,1,0,차대사람 - 기타,안전운전불이행,포장 - 건조,맑음,기타 - 기타,화물,남,47세,상해없음,보행자,남,54세,경상
2019121300100347,2019년 12월 13일 14시,금요일,대구광역시 동구 신암동,경상사고,0,0,1,0,차대사람 - 길가장자리구역통행중,안전운전불이행,포장 - 건조,맑음,단일로 - 기타,승용,남,59세,상해없음,보행자,여,41세,경상
2019121300100445,2019년 12월 13일 16시,금요일,대구광역시 달서구 이곡동,중상사고,0,1,0,0,차대사람 - 보도통행중,기타,포장 - 건조,맑음,단일로 - 기타,자전거,여,11세,상해없음,보행자,여,57세,중상
2019121300100576,2019년 12월 13일 18시,금요일,대구광역시 달서구 본리동,경상사고,0,0,1,0,차대사람 - 기타,안전운전불이행,포장 - 건조,맑음,단일로 - 기타,승용,여,38세,상해없음,보행자,여,60세,경상
2019121300100682,2019년 12월 13일 20시,금요일,대구광역시 중구 동성로2가,부상신고사고,0,0,0,1,차대사람 - 기타,안전운전불이행,포장 - 건조,맑음,단일로 - 기타,기타불명,기타불명,미분류,기타불명,보행자,남,17세,부상신고
2019121400100120,2019년 12월 14일 05시,토요일,대구광역시 북구 동천동,부상신고사고,0,0,0,1,차대사람 - 차도통행중,안전운전불이행,포장 - 건조,맑음,교차로 - 교차로안,기타불명,기타불명,미분류,기타불명,보행자,남,23세,부상신고
2019121400100325,2019년 12월 14일 11시,토요일,대구광역시 달서구 장기동,사망사고,1,0,0,0,차대사람 - 차도통행중,불법유턴,포장 - 건조,맑음,단일로 - 기타,화물,남,30세,상해없음,보행자,여,70세,사망
2019121400100446,2019년 12월 14일 14시,토요일,대구광역시 중구 태평로1가,중상사고,0,1,0,0,차대사람 - 횡단중,신호위반,포장 - 건조,맑음,교차로 - 교차로부근,승용,남,54세,상해없음,보행자,남,55세,중상
2019121400100578,2019년 12월 14일 17시,토요일,대구광역시 수성구 황금동,중상사고,0,1,0,0,차대사람 - 기타,안전운전불이행,포장 - 건조,맑음,교차로 - 교차로부근,기타불명,기타불명,미분류,기타불명,보행자,여,78세,중상
2019121400100636,2019년 12월 14일 18시,토요일,대구광역시 동구 신암동,경상사고,0,0,1,0,차대사람 - 길가장자리구역통행중,안전운전불이행,포장 - 건조,맑음,단일로 - 기타,승용,남,49세,상해없음,보행자,남,50세,경상
2019121400100714,2019년 12월 14일 20시,토요일,대구광역시 수성구 시지동,중상사고,0,1,0,0,차대사람 - 기타,안전운전불이행,포장 - 건조,맑음,단일로 - 기타,승용,남,45세,상해없음,보행자,여,73세,중상
2019121400100716,2019년 12월 14일 20시,토요일,대구광역시 중구 공평동,중상사고,0,1,0,0,차대사람 - 차도통행중,안전운전불이행,포장 - 건조,맑음,단일로 - 기타,승용,남,22세,상해없음,보행자,여,21세,중상
2019121400100748,2019년 12월 14일 21시,토요일,대구광역시 달서구 송현동,경상사고,0,0,1,0,차대사람 - 기타,안전운전불이행,포장 - 건조,맑음,교차로 - 교차로안,승용,남,61세,상해없음,보행자,남,18세,경상
2019121400100777,2019년 12월 14일 22시,토요일,대구광역시 북구 산격동,부상신고사고,0,0,0,1,차대사람 - 기타,안전운전불이행,포장 - 건조,맑음,단일로 - 기타,승용,남,66세,상해없음,보행자,남,47세,부상신고
2019121500100163,2019년 12월 15일 09시,일요일,대구광역시 달서구 월성동,중상사고,0,1,0,0,차대사람 - 횡단중,안전운전불이행,포장 - 건조,맑음,단일로 - 기타,승용,남,40세,상해없음,보행자,여,83세,중상
2019121500100237,2019년 12월 15일 12시,일요일,대구광역시 수성구 시지동,부상신고사고,0,0,0,1,차대사람 - 보도통행중,안전운전불이행,포장 - 건조,맑음,단일로 - 기타,이륜,남,16세,상해없음,보행자,여,48세,부상신고
2019121600100203,2019년 12월 16일 09시,월요일,대구광역시 달서구 성당동,경상사고,0,0,1,0,차대사람 - 기타,안전운전불이행,포장 - 건조,맑음,교차로 - 교차로부근,승용,남,63세,상해없음,보행자,여,60세,경상
2019121600100407,2019년 12월 16일 15시,월요일,대구광역시 남구 봉덕동,경상사고,0,0,1,0,차대사람 - 기타,안전운전불이행,포장 - 건조,맑음,단일로 - 기타,승용,남,70세,상해없음,보행자,남,39세,경상
2019121600100557,2019년 12월 16일 18시,월요일,대구광역시 달서구 죽전동,중상사고,0,1,0,0,차대사람 - 기타,안전운전불이행,포장 - 건조,맑음,기타 - 기타,승용,남,59세,상해없음,보행자,여,60세,중상
2019121600100662,2019년 12월 16일 22시,월요일,대구광역시 달서구 상인동,중상사고,0,1,0,0,차대사람 - 횡단중,안전운전불이행,포장 - 건조,맑음,단일로 - 기타,승용,남,56세,상해없음,보행자,여,81세,중상
2019121700100141,2019년 12월 17일 08시,화요일,대구광역시 북구 태전동,중상사고,0,1,0,0,차대사람 - 기타,안전운전불이행,포장 - 건조,맑음,단일로 - 기타,승합,남,53세,상해없음,보행자,여,74세,중상
2019121700100246,2019년 12월 17일 11시,화요일,대구광역시 달성군 다사읍,중상사고,0,1,0,0,차대사람 - 횡단중,안전운전불이행,포장 - 건조,맑음,단일로 - 기타,승용,여,48세,상해없음,보행자,여,52세,중상
2019121700100275,2019년 12월 17일 12시,화요일,대구광역시 서구 내당동,부상신고사고,0,0,0,1,차대사람 - 차도통행중,안전운전불이행,포장 - 건조,맑음,단일로 - 기타,승용,남,59세,상해없음,보행자,여,87세,부상신고